1;Civil_Rights;Civil_Rights
1;Civil_Rights;Confidentiality
1;Civil_Rights;Disclosure
1;Civil_Rights;Employment
1;Civil_Rights;Gene_Therapy
1;Civil_Rights;Genetic_Determinism
1;Civil_Rights;Genetic_Diseases,_Inborn
1;Civil_Rights;Genetic_Predisposition_to_Disease
1;Civil_Rights;Genetic_Privacy
1;Civil_Rights;Genetics,_Behavioral
1;Civil_Rights;Genetic_Testing
1;Civil_Rights;Human_Genome_Project
1;Civil_Rights;Humans
1;Civil_Rights;Insurance
1;Civil_Rights;International_Cooperation
1;Civil_Rights;Internationality
1;Civil_Rights;Jurisprudence
1;Civil_Rights;Legislation_as_Topic
1;Civil_Rights;Pedigree
1;Civil_Rights;Prejudice
1;Civil_Rights;Privacy
1;Civil_Rights;Public_Opinion
1;Civil_Rights;United_States
1;Confidentiality;Civil_Rights
1;Confidentiality;Confidentiality
1;Confidentiality;Disclosure
1;Confidentiality;Employment
1;Confidentiality;Gene_Therapy
1;Confidentiality;Genetic_Determinism
1;Confidentiality;Genetic_Diseases,_Inborn
1;Confidentiality;Genetic_Predisposition_to_Disease
1;Confidentiality;Genetic_Privacy
1;Confidentiality;Genetics,_Behavioral
1;Confidentiality;Genetic_Testing
1;Confidentiality;Human_Genome_Project
1;Confidentiality;Humans
1;Confidentiality;Insurance
1;Confidentiality;International_Cooperation
1;Confidentiality;Internationality
1;Confidentiality;Jurisprudence
1;Confidentiality;Legislation_as_Topic
1;Confidentiality;Pedigree
1;Confidentiality;Prejudice
1;Confidentiality;Privacy
1;Confidentiality;Public_Opinion
1;Confidentiality;United_States
1;Disclosure;Civil_Rights
1;Disclosure;Confidentiality
1;Disclosure;Disclosure
1;Disclosure;Employment
1;Disclosure;Gene_Therapy
1;Disclosure;Genetic_Determinism
1;Disclosure;Genetic_Diseases,_Inborn
1;Disclosure;Genetic_Predisposition_to_Disease
1;Disclosure;Genetic_Privacy
1;Disclosure;Genetics,_Behavioral
1;Disclosure;Genetic_Testing
1;Disclosure;Human_Genome_Project
1;Disclosure;Humans
1;Disclosure;Insurance
1;Disclosure;International_Cooperation
1;Disclosure;Internationality
1;Disclosure;Jurisprudence
1;Disclosure;Legislation_as_Topic
1;Disclosure;Pedigree
1;Disclosure;Prejudice
1;Disclosure;Privacy
1;Disclosure;Public_Opinion
1;Disclosure;United_States
1;Employment;Civil_Rights
1;Employment;Confidentiality
1;Employment;Disclosure
1;Employment;Employment
1;Employment;Gene_Therapy
1;Employment;Genetic_Determinism
1;Employment;Genetic_Diseases,_Inborn
1;Employment;Genetic_Predisposition_to_Disease
1;Employment;Genetic_Privacy
1;Employment;Genetics,_Behavioral
1;Employment;Genetic_Testing
1;Employment;Human_Genome_Project
1;Employment;Humans
1;Employment;Insurance
1;Employment;International_Cooperation
1;Employment;Internationality
1;Employment;Jurisprudence
1;Employment;Legislation_as_Topic
1;Employment;Pedigree
1;Employment;Prejudice
1;Employment;Privacy
1;Employment;Public_Opinion
1;Employment;United_States
1;Gene_Therapy;Civil_Rights
1;Gene_Therapy;Confidentiality
1;Gene_Therapy;Disclosure
1;Gene_Therapy;Employment
1;Gene_Therapy;Gene_Therapy
1;Gene_Therapy;Genetic_Determinism
1;Gene_Therapy;Genetic_Diseases,_Inborn
1;Gene_Therapy;Genetic_Predisposition_to_Disease
1;Gene_Therapy;Genetic_Privacy
1;Gene_Therapy;Genetics,_Behavioral
1;Gene_Therapy;Genetic_Testing
1;Gene_Therapy;Human_Genome_Project
1;Gene_Therapy;Humans
1;Gene_Therapy;Insurance
1;Gene_Therapy;International_Cooperation
1;Gene_Therapy;Internationality
1;Gene_Therapy;Jurisprudence
1;Gene_Therapy;Legislation_as_Topic
1;Gene_Therapy;Pedigree
1;Gene_Therapy;Prejudice
1;Gene_Therapy;Privacy
1;Gene_Therapy;Public_Opinion
1;Gene_Therapy;United_States
1;Genetic_Determinism;Civil_Rights
1;Genetic_Determinism;Confidentiality
1;Genetic_Determinism;Disclosure
1;Genetic_Determinism;Employment
1;Genetic_Determinism;Gene_Therapy
1;Genetic_Determinism;Genetic_Determinism
1;Genetic_Determinism;Genetic_Diseases,_Inborn
1;Genetic_Determinism;Genetic_Predisposition_to_Disease
1;Genetic_Determinism;Genetic_Privacy
1;Genetic_Determinism;Genetics,_Behavioral
1;Genetic_Determinism;Genetic_Testing
1;Genetic_Determinism;Human_Genome_Project
1;Genetic_Determinism;Humans
1;Genetic_Determinism;Insurance
1;Genetic_Determinism;International_Cooperation
1;Genetic_Determinism;Internationality
1;Genetic_Determinism;Jurisprudence
1;Genetic_Determinism;Legislation_as_Topic
1;Genetic_Determinism;Pedigree
1;Genetic_Determinism;Prejudice
1;Genetic_Determinism;Privacy
1;Genetic_Determinism;Public_Opinion
1;Genetic_Determinism;United_States
1;Genetic_Diseases,_Inborn;Civil_Rights
1;Genetic_Diseases,_Inborn;Confidentiality
1;Genetic_Diseases,_Inborn;Disclosure
1;Genetic_Diseases,_Inborn;Employment
1;Genetic_Diseases,_Inborn;Gene_Therapy
1;Genetic_Diseases,_Inborn;Genetic_Determinism
1;Genetic_Diseases,_Inborn;Genetic_Diseases,_Inborn
1;Genetic_Diseases,_Inborn;Genetic_Predisposition_to_Disease
1;Genetic_Diseases,_Inborn;Genetic_Privacy
1;Genetic_Diseases,_Inborn;Genetics,_Behavioral
1;Genetic_Diseases,_Inborn;Genetic_Testing
1;Genetic_Diseases,_Inborn;Human_Genome_Project
1;Genetic_Diseases,_Inborn;Humans
1;Genetic_Diseases,_Inborn;Insurance
1;Genetic_Diseases,_Inborn;International_Cooperation
1;Genetic_Diseases,_Inborn;Internationality
1;Genetic_Diseases,_Inborn;Jurisprudence
1;Genetic_Diseases,_Inborn;Legislation_as_Topic
1;Genetic_Diseases,_Inborn;Pedigree
1;Genetic_Diseases,_Inborn;Prejudice
1;Genetic_Diseases,_Inborn;Privacy
1;Genetic_Diseases,_Inborn;Public_Opinion
1;Genetic_Diseases,_Inborn;United_States
1;Genetic_Predisposition_to_Disease;Civil_Rights
1;Genetic_Predisposition_to_Disease;Confidentiality
1;Genetic_Predisposition_to_Disease;Disclosure
1;Genetic_Predisposition_to_Disease;Employment
1;Genetic_Predisposition_to_Disease;Gene_Therapy
1;Genetic_Predisposition_to_Disease;Genetic_Determinism
1;Genetic_Predisposition_to_Disease;Genetic_Diseases,_Inborn
1;Genetic_Predisposition_to_Disease;Genetic_Predisposition_to_Disease
1;Genetic_Predisposition_to_Disease;Genetic_Privacy
1;Genetic_Predisposition_to_Disease;Genetics,_Behavioral
1;Genetic_Predisposition_to_Disease;Genetic_Testing
1;Genetic_Predisposition_to_Disease;Human_Genome_Project
1;Genetic_Predisposition_to_Disease;Humans
1;Genetic_Predisposition_to_Disease;Insurance
1;Genetic_Predisposition_to_Disease;International_Cooperation
1;Genetic_Predisposition_to_Disease;Internationality
1;Genetic_Predisposition_to_Disease;Jurisprudence
1;Genetic_Predisposition_to_Disease;Legislation_as_Topic
1;Genetic_Predisposition_to_Disease;Pedigree
1;Genetic_Predisposition_to_Disease;Prejudice
1;Genetic_Predisposition_to_Disease;Privacy
1;Genetic_Predisposition_to_Disease;Public_Opinion
1;Genetic_Predisposition_to_Disease;United_States
1;Genetic_Privacy;Civil_Rights
1;Genetic_Privacy;Confidentiality
1;Genetic_Privacy;Disclosure
1;Genetic_Privacy;Employment
1;Genetic_Privacy;Gene_Therapy
1;Genetic_Privacy;Genetic_Determinism
1;Genetic_Privacy;Genetic_Diseases,_Inborn
1;Genetic_Privacy;Genetic_Predisposition_to_Disease
1;Genetic_Privacy;Genetic_Privacy
1;Genetic_Privacy;Genetics,_Behavioral
1;Genetic_Privacy;Genetic_Testing
1;Genetic_Privacy;Human_Genome_Project
1;Genetic_Privacy;Humans
1;Genetic_Privacy;Insurance
1;Genetic_Privacy;International_Cooperation
1;Genetic_Privacy;Internationality
1;Genetic_Privacy;Jurisprudence
1;Genetic_Privacy;Legislation_as_Topic
1;Genetic_Privacy;Pedigree
1;Genetic_Privacy;Prejudice
1;Genetic_Privacy;Privacy
1;Genetic_Privacy;Public_Opinion
1;Genetic_Privacy;United_States
1;Genetics,_Behavioral;Civil_Rights
1;Genetics,_Behavioral;Confidentiality
1;Genetics,_Behavioral;Disclosure
1;Genetics,_Behavioral;Employment
1;Genetics,_Behavioral;Gene_Therapy
1;Genetics,_Behavioral;Genetic_Determinism
1;Genetics,_Behavioral;Genetic_Diseases,_Inborn
1;Genetics,_Behavioral;Genetic_Predisposition_to_Disease
1;Genetics,_Behavioral;Genetic_Privacy
1;Genetics,_Behavioral;Genetics,_Behavioral
1;Genetics,_Behavioral;Genetic_Testing
1;Genetics,_Behavioral;Human_Genome_Project
1;Genetics,_Behavioral;Humans
1;Genetics,_Behavioral;Insurance
1;Genetics,_Behavioral;International_Cooperation
1;Genetics,_Behavioral;Internationality
1;Genetics,_Behavioral;Jurisprudence
1;Genetics,_Behavioral;Legislation_as_Topic
1;Genetics,_Behavioral;Pedigree
1;Genetics,_Behavioral;Prejudice
1;Genetics,_Behavioral;Privacy
1;Genetics,_Behavioral;Public_Opinion
1;Genetics,_Behavioral;United_States
1;Genetic_Testing;Civil_Rights
1;Genetic_Testing;Confidentiality
1;Genetic_Testing;Disclosure
1;Genetic_Testing;Employment
1;Genetic_Testing;Gene_Therapy
1;Genetic_Testing;Genetic_Determinism
1;Genetic_Testing;Genetic_Diseases,_Inborn
1;Genetic_Testing;Genetic_Predisposition_to_Disease
1;Genetic_Testing;Genetic_Privacy
1;Genetic_Testing;Genetics,_Behavioral
1;Genetic_Testing;Genetic_Testing
1;Genetic_Testing;Human_Genome_Project
1;Genetic_Testing;Humans
1;Genetic_Testing;Insurance
1;Genetic_Testing;International_Cooperation
1;Genetic_Testing;Internationality
1;Genetic_Testing;Jurisprudence
1;Genetic_Testing;Legislation_as_Topic
1;Genetic_Testing;Pedigree
1;Genetic_Testing;Prejudice
1;Genetic_Testing;Privacy
1;Genetic_Testing;Public_Opinion
1;Genetic_Testing;United_States
1;Human_Genome_Project;Civil_Rights
1;Human_Genome_Project;Confidentiality
1;Human_Genome_Project;Disclosure
1;Human_Genome_Project;Employment
1;Human_Genome_Project;Gene_Therapy
1;Human_Genome_Project;Genetic_Determinism
1;Human_Genome_Project;Genetic_Diseases,_Inborn
1;Human_Genome_Project;Genetic_Predisposition_to_Disease
1;Human_Genome_Project;Genetic_Privacy
1;Human_Genome_Project;Genetics,_Behavioral
1;Human_Genome_Project;Genetic_Testing
1;Human_Genome_Project;Human_Genome_Project
1;Human_Genome_Project;Humans
1;Human_Genome_Project;Insurance
1;Human_Genome_Project;International_Cooperation
1;Human_Genome_Project;Internationality
1;Human_Genome_Project;Jurisprudence
1;Human_Genome_Project;Legislation_as_Topic
1;Human_Genome_Project;Pedigree
1;Human_Genome_Project;Prejudice
1;Human_Genome_Project;Privacy
1;Human_Genome_Project;Public_Opinion
1;Human_Genome_Project;United_States
1;Humans;Civil_Rights
1;Humans;Confidentiality
1;Humans;Disclosure
1;Humans;Employment
1;Humans;Gene_Therapy
1;Humans;Genetic_Determinism
1;Humans;Genetic_Diseases,_Inborn
1;Humans;Genetic_Predisposition_to_Disease
1;Humans;Genetic_Privacy
1;Humans;Genetics,_Behavioral
1;Humans;Genetic_Testing
1;Humans;Human_Genome_Project
1;Humans;Humans
1;Humans;Insurance
1;Humans;International_Cooperation
1;Humans;Internationality
1;Humans;Jurisprudence
1;Humans;Legislation_as_Topic
1;Humans;Pedigree
1;Humans;Prejudice
1;Humans;Privacy
1;Humans;Public_Opinion
1;Humans;United_States
1;Insurance;Civil_Rights
1;Insurance;Confidentiality
1;Insurance;Disclosure
1;Insurance;Employment
1;Insurance;Gene_Therapy
1;Insurance;Genetic_Determinism
1;Insurance;Genetic_Diseases,_Inborn
1;Insurance;Genetic_Predisposition_to_Disease
1;Insurance;Genetic_Privacy
1;Insurance;Genetics,_Behavioral
1;Insurance;Genetic_Testing
1;Insurance;Human_Genome_Project
1;Insurance;Humans
1;Insurance;Insurance
1;Insurance;International_Cooperation
1;Insurance;Internationality
1;Insurance;Jurisprudence
1;Insurance;Legislation_as_Topic
1;Insurance;Pedigree
1;Insurance;Prejudice
1;Insurance;Privacy
1;Insurance;Public_Opinion
1;Insurance;United_States
1;International_Cooperation;Civil_Rights
1;International_Cooperation;Confidentiality
1;International_Cooperation;Disclosure
1;International_Cooperation;Employment
1;International_Cooperation;Gene_Therapy
1;International_Cooperation;Genetic_Determinism
1;International_Cooperation;Genetic_Diseases,_Inborn
1;International_Cooperation;Genetic_Predisposition_to_Disease
1;International_Cooperation;Genetic_Privacy
1;International_Cooperation;Genetics,_Behavioral
1;International_Cooperation;Genetic_Testing
1;International_Cooperation;Human_Genome_Project
1;International_Cooperation;Humans
1;International_Cooperation;Insurance
1;International_Cooperation;International_Cooperation
1;International_Cooperation;Internationality
1;International_Cooperation;Jurisprudence
1;International_Cooperation;Legislation_as_Topic
1;International_Cooperation;Pedigree
1;International_Cooperation;Prejudice
1;International_Cooperation;Privacy
1;International_Cooperation;Public_Opinion
1;International_Cooperation;United_States
1;Internationality;Civil_Rights
1;Internationality;Confidentiality
1;Internationality;Disclosure
1;Internationality;Employment
1;Internationality;Gene_Therapy
1;Internationality;Genetic_Determinism
1;Internationality;Genetic_Diseases,_Inborn
1;Internationality;Genetic_Predisposition_to_Disease
1;Internationality;Genetic_Privacy
1;Internationality;Genetics,_Behavioral
1;Internationality;Genetic_Testing
1;Internationality;Human_Genome_Project
1;Internationality;Humans
1;Internationality;Insurance
1;Internationality;International_Cooperation
1;Internationality;Internationality
1;Internationality;Jurisprudence
1;Internationality;Legislation_as_Topic
1;Internationality;Pedigree
1;Internationality;Prejudice
1;Internationality;Privacy
1;Internationality;Public_Opinion
1;Internationality;United_States
1;Jurisprudence;Civil_Rights
1;Jurisprudence;Confidentiality
1;Jurisprudence;Disclosure
1;Jurisprudence;Employment
1;Jurisprudence;Gene_Therapy
1;Jurisprudence;Genetic_Determinism
1;Jurisprudence;Genetic_Diseases,_Inborn
1;Jurisprudence;Genetic_Predisposition_to_Disease
1;Jurisprudence;Genetic_Privacy
1;Jurisprudence;Genetics,_Behavioral
1;Jurisprudence;Genetic_Testing
1;Jurisprudence;Human_Genome_Project
1;Jurisprudence;Humans
1;Jurisprudence;Insurance
1;Jurisprudence;International_Cooperation
1;Jurisprudence;Internationality
1;Jurisprudence;Jurisprudence
1;Jurisprudence;Legislation_as_Topic
1;Jurisprudence;Pedigree
1;Jurisprudence;Prejudice
1;Jurisprudence;Privacy
1;Jurisprudence;Public_Opinion
1;Jurisprudence;United_States
1;Legislation_as_Topic;Civil_Rights
1;Legislation_as_Topic;Confidentiality
1;Legislation_as_Topic;Disclosure
1;Legislation_as_Topic;Employment
1;Legislation_as_Topic;Gene_Therapy
1;Legislation_as_Topic;Genetic_Determinism
1;Legislation_as_Topic;Genetic_Diseases,_Inborn
1;Legislation_as_Topic;Genetic_Predisposition_to_Disease
1;Legislation_as_Topic;Genetic_Privacy
1;Legislation_as_Topic;Genetics,_Behavioral
1;Legislation_as_Topic;Genetic_Testing
1;Legislation_as_Topic;Human_Genome_Project
1;Legislation_as_Topic;Humans
1;Legislation_as_Topic;Insurance
1;Legislation_as_Topic;International_Cooperation
1;Legislation_as_Topic;Internationality
1;Legislation_as_Topic;Jurisprudence
1;Legislation_as_Topic;Legislation_as_Topic
1;Legislation_as_Topic;Pedigree
1;Legislation_as_Topic;Prejudice
1;Legislation_as_Topic;Privacy
1;Legislation_as_Topic;Public_Opinion
1;Legislation_as_Topic;United_States
1;Pedigree;Civil_Rights
1;Pedigree;Confidentiality
1;Pedigree;Disclosure
1;Pedigree;Employment
1;Pedigree;Gene_Therapy
1;Pedigree;Genetic_Determinism
1;Pedigree;Genetic_Diseases,_Inborn
1;Pedigree;Genetic_Predisposition_to_Disease
1;Pedigree;Genetic_Privacy
1;Pedigree;Genetics,_Behavioral
1;Pedigree;Genetic_Testing
1;Pedigree;Human_Genome_Project
1;Pedigree;Humans
1;Pedigree;Insurance
1;Pedigree;International_Cooperation
1;Pedigree;Internationality
1;Pedigree;Jurisprudence
1;Pedigree;Legislation_as_Topic
1;Pedigree;Pedigree
1;Pedigree;Prejudice
1;Pedigree;Privacy
1;Pedigree;Public_Opinion
1;Pedigree;United_States
1;Prejudice;Civil_Rights
1;Prejudice;Confidentiality
1;Prejudice;Disclosure
1;Prejudice;Employment
1;Prejudice;Gene_Therapy
1;Prejudice;Genetic_Determinism
1;Prejudice;Genetic_Diseases,_Inborn
1;Prejudice;Genetic_Predisposition_to_Disease
1;Prejudice;Genetic_Privacy
1;Prejudice;Genetics,_Behavioral
1;Prejudice;Genetic_Testing
1;Prejudice;Human_Genome_Project
1;Prejudice;Humans
1;Prejudice;Insurance
1;Prejudice;International_Cooperation
1;Prejudice;Internationality
1;Prejudice;Jurisprudence
1;Prejudice;Legislation_as_Topic
1;Prejudice;Pedigree
1;Prejudice;Prejudice
1;Prejudice;Privacy
1;Prejudice;Public_Opinion
1;Prejudice;United_States
1;Privacy;Civil_Rights
1;Privacy;Confidentiality
1;Privacy;Disclosure
1;Privacy;Employment
1;Privacy;Gene_Therapy
1;Privacy;Genetic_Determinism
1;Privacy;Genetic_Diseases,_Inborn
1;Privacy;Genetic_Predisposition_to_Disease
1;Privacy;Genetic_Privacy
1;Privacy;Genetics,_Behavioral
1;Privacy;Genetic_Testing
1;Privacy;Human_Genome_Project
1;Privacy;Humans
1;Privacy;Insurance
1;Privacy;International_Cooperation
1;Privacy;Internationality
1;Privacy;Jurisprudence
1;Privacy;Legislation_as_Topic
1;Privacy;Pedigree
1;Privacy;Prejudice
1;Privacy;Privacy
1;Privacy;Public_Opinion
1;Privacy;United_States
1;Public_Opinion;Civil_Rights
1;Public_Opinion;Confidentiality
1;Public_Opinion;Disclosure
1;Public_Opinion;Employment
1;Public_Opinion;Gene_Therapy
1;Public_Opinion;Genetic_Determinism
1;Public_Opinion;Genetic_Diseases,_Inborn
1;Public_Opinion;Genetic_Predisposition_to_Disease
1;Public_Opinion;Genetic_Privacy
1;Public_Opinion;Genetics,_Behavioral
1;Public_Opinion;Genetic_Testing
1;Public_Opinion;Human_Genome_Project
1;Public_Opinion;Humans
1;Public_Opinion;Insurance
1;Public_Opinion;International_Cooperation
1;Public_Opinion;Internationality
1;Public_Opinion;Jurisprudence
1;Public_Opinion;Legislation_as_Topic
1;Public_Opinion;Pedigree
1;Public_Opinion;Prejudice
1;Public_Opinion;Privacy
1;Public_Opinion;Public_Opinion
1;Public_Opinion;United_States
1;United_States;Civil_Rights
1;United_States;Confidentiality
1;United_States;Disclosure
1;United_States;Employment
1;United_States;Gene_Therapy
1;United_States;Genetic_Determinism
1;United_States;Genetic_Diseases,_Inborn
1;United_States;Genetic_Predisposition_to_Disease
1;United_States;Genetic_Privacy
1;United_States;Genetics,_Behavioral
1;United_States;Genetic_Testing
1;United_States;Human_Genome_Project
1;United_States;Humans
1;United_States;Insurance
1;United_States;International_Cooperation
1;United_States;Internationality
1;United_States;Jurisprudence
1;United_States;Legislation_as_Topic
1;United_States;Pedigree
1;United_States;Prejudice
1;United_States;Privacy
1;United_States;Public_Opinion
1;United_States;United_States
