Canada;Colorado;4
Canada;Consejo;4
Canada;Mexico;4
Canada;Norte;4
Canada;Cuando;4
Canada;Guadalajara;4
Canada;Washington;1
Canada;China;1
Canada;Calderon;3
Canada;Bravo;4
Canada;America;4
Guardia;Monterrey;1
Guardia;Mexico;1
Guardia;Federal;4
Guardia;Colegio Americano;1
Guardia;Washington;3
Guardia;Calderon;3
Guardia;Marina;1
Guardia;Holder;4
Guardia;Dias;1
Cuando Garcia Luna;Federal;4
Cuando Garcia Luna;Juarez;1
Cuando Garcia Luna;Mexico;1
Cuando Garcia Luna;Andre Breton;1
Cuando Garcia Luna;Luis Antonio;1
Cuando Garcia Luna;Caminos;2
Miguel Ruiz;Ernesto Zedillo;3
Miguel Ruiz;Alto;4
Miguel Ruiz;Mexico;3
Miguel Ruiz;Jorge Madrazo;1
Miguel Ruiz;California;1
Benjamin Arellano Felix;Benjamin;3
Benjamin Arellano Felix;Ismael Higuera Guerrero;1
Benjamin Arellano Felix;Javier;1
Benjamin Arellano Felix;Pablo Escobar;3
Benjamin Arellano Felix;Mexico;3
Benjamin Arellano Felix;Arturo Paez;3
Benjamin Arellano Felix;Cuando;3
Benjamin Arellano Felix;Arellano Felix;3
Benjamin Arellano Felix;Washington;1
Benjamin Arellano Felix;Ramon;4
Benjamin Arellano Felix;Pascual;3
Benjamin Arellano Felix;Sinaloa;3
Benjamin Arellano Felix;Pinos;1
Benjamin Arellano Felix;Avila Beltran;4
Benjamin Arellano Felix;Robinson;4
Benjamin Arellano Felix;Puerto Vallarta;1
Benjamin Arellano Felix;Guadalajara;3
Diaz Ordaz;Echeverria;4
Diaz Ordaz;Casablanca;2
Diaz Ordaz;Mexico;2
Diaz Ordaz;Federal;2
Diaz Ordaz;Mateos;4
Diaz Ordaz;Cuando;1
Diaz Ordaz;Guadalupe;1
Diaz Ordaz;Salinas;4
Diaz Ordaz;Scott;2
Diaz Ordaz;Virgen;1
Diaz Ordaz;Nieto;4
Diaz Ordaz;Guerra Fria;2
Diaz Ordaz;Gortari;4
Diaz Ordaz;Lopez Portillo;4
Ismael Higuera Guerrero;Diego;2
Ismael Higuera Guerrero;Mayel;4
Ismael Higuera Guerrero;Robert;3
Ismael Higuera Guerrero;Sinaloa;4
Ismael Higuera Guerrero;Puerto Vallarta;4
Ismael Higuera Guerrero;Manuel Aguirre Galindo;2
Ismael Higuera Guerrero;G端ero Palma;4
Ismael Higuera Guerrero;Arellano Felix;4
Ismael Higuera Guerrero;Ramon;4
Ismael Higuera Guerrero;Paez;1
Ismael Higuera Guerrero;Seis;1
Ismael Higuera Guerrero;Javier;4
Ismael Higuera Guerrero;David Barron Corona;2
Ismael Higuera Guerrero;Paez Martinez;3
Ismael Higuera Guerrero;David;3
Ismael Higuera Guerrero;Jesus Labra Aviles;2
Ismael Higuera Guerrero;Ismael;2
Ismael Higuera Guerrero;Arturo Paez Martinez;4
Ismael Higuera Guerrero;Cardenas Guillen;1
Ismael Higuera Guerrero;Mexico;1
Ismael Higuera Guerrero;Logan;2
Ismael Higuera Guerrero;Robinson;1
Mario Velarde;Naranjo;1
Mario Velarde;Gerardo Garay;4
Mario Velarde;Garcia Luna;1
Mario Velarde;Calderon;1
Mario Velarde;Gutierrez;4
Mario Velarde;Mexico;3
Mario Velarde;Federal;4
Mario Velarde;Ramirez Mandujano;3
Mario Velarde;Peru;1
Mario Velarde;Francisco Navarro;4
Mario Velarde;Ricardo Gutierrez;3
Ernesto;Barret;1
Ernesto;Europa;4
Ernesto;Mexico;4
Ernesto;Crisanto Perez;1
Ernesto;Calderon;4
Ernesto;Texas;1
Chapo Guzman Loera;Joaquin;4
Arturo;Juan Camilo;4
Arturo;Ernesto Cordero;4
Arturo;Guanajuato;1
Arturo;Federal;2
Arturo;German Martinez;4
Arturo;Patricia Flores;3
Arturo;Maximiliano Cortazar;3
Arturo;Bush;3
Arturo;George Lopez;4
Arturo;George;3
Arturo;Margarita Zavala;1
Arturo;Gerardo Ruiz Mateos;3
Arturo;Guillermo Valdes;4
Arturo;Alejandra Sota;3
Arturo;Casa Blanca;4
Arturo;Cortazar;4
Arturo;Norte;4
Arturo;Palacio;4
Arturo;Oregon;3
Arturo;Carlos Slim;4
Arturo;Carlos Santana;3
Arturo;Claudia Talancon;4
Arturo;Garza;3
Arturo;Carlos Pascual;2
Arturo;Como;4
Arturo;Julian Ventura;4
Arturo;Pascual;4
Arturo;Alfonso Lopez;3
Arturo;Restrepo;4
Arturo;Margarita;3
Arturo;Bill Richardson;4
Arturo;Calderon;3
Arturo;Aguilar;3
Arturo;Valle;3
Arturo;Patricia Espinosa;4
Arturo;Laura Pena;4
Arturo;Espinosa;3
Arturo;Fernando;4
Arturo;Roberta Jacobson;3
Arturo;Oaxaca;3
Arturo;Dionisio Perez Jacome;3
Arturo;Merida;2
Arturo;Felipe Calderon;2
Arturo;Hacienda;4
Arturo;Josefina Vazquez Mota;4
Arturo;Carlos Castillo Peraza;3
Arturo;Gabriela Rojas;1
Arturo;America;4
Arturo;Mexico;2
Arturo;Alvaro Uribe;1
Arturo;Lopez Obrador;2
Arturo;Washington;4
Arturo;Nava;3
Arturo;Mayor;4
Arturo;Martinez;3
Arturo;Cordero;3
Arturo;Pinos;2
Arturo;Longoria;4
Arturo;Uribe;1
Arturo;Belisario Betancourt;3
Arturo;Cesar;3
Arturo;Juan Ignacio Zavala;3
Arturo;Andres Manuel Lopez Obrador;3
Amado Carrillo Fuentes;Arellano Felix;4
Amado Carrillo Fuentes;Emilio Varela;2
Amado Carrillo Fuentes;Se単or;4
Amado Carrillo Fuentes;Angel Gonzalez;2
Amado Carrillo Fuentes;Cielos;4
Manuel Avila;Calderon;4
Manuel Avila;Pinos;1
Barret;Europa;1
Barret;Pinos;2
Barret;Mexico;1
Barret;Crisanto Perez;4
Barret;Calderon;1
Barret;Perez;3
Barret;Tres;3
Barret;Antonio;3
Barret;Texas;4
Amparo Ochoa;Chavez;4
Amparo Ochoa;Chiapas;2
Amparo Ochoa;Marcos;2
Amparo Ochoa;Rodriguez;3
Amparo Ochoa;Luis Gabriel;2
Amparo Ochoa;Luisa Maria;2
Amparo Ochoa;Pablo Milanes;3
Valle;Bill Richardson;3
Valle;Francisco;4
Valle;Casa Blanca;1
Valle;Calderon;1
Valle;Mexico;1
Valle;Sacramento;4
Valle;Patricia Espinosa;3
Valle;Gabriela Rojas;2
Valle;Fernando;3
Valle;Carlos Slim;3
Valle;Patricia Flores;3
Valle;Claudia Talancon;3
Valle;Carlos Santana;4
Valle;George Lopez;3
Valle;Oaxaca;4
Valle;Oregon;4
Valle;Pinos;4
Valle;Longoria;3
Valle;Pascual;1
Valle;Carlos Pascual;3
Vazquez Mota;Casa Blanca;4
Vazquez Mota;Cerca;3
Vazquez Mota;Federal;2
Vazquez Mota;Washington;4
Vazquez Mota;Lopez Obrador;4
Vazquez Mota;Mexico;2
Vazquez Mota;Cuando;3
Vazquez Mota;Espinosa;3
Vazquez Mota;Nieto;4
Alejandro Garza;Monterrey;2
Alejandro Garza;Nuevo Leon;4
Alejandro Garza;Garza;4
Alejandro Garza;Williamson;4
Alejandro Garza;Dias;2
Henry;Lagard;4
Henry;Tres;2
Henry;Washington;2
Henry;Calderon;4
Antonia Naranjo Lopez;Hernandez;3
Antonia Naranjo Lopez;Linda Gonzalez;1
Antonia Naranjo Lopez;Marie Adame;3
Nueva York;Jose;2
Nueva York;Pedro;2
Nueva York;Corazon;1
Nueva York;Beltran Leyva;3
Nueva York;Diego;4
Nueva York;Federal;2
Nueva York;Quintana;2
Nueva York;Juan;4
Nueva York;Sinaloa;3
Nueva York;Joaquin;4
Nueva York;Orioles;4
Nueva York;Hope;2
Nueva York;Mueller;4
Nueva York;Cortazar;2
Nueva York;Mayo;3
Nueva York;Sota;2
Nueva York;Margarito Flores;2
Nueva York;Estrella;1
Nueva York;Cruz;1
Nueva York;Flores;3
Nueva York;California;2
Nueva York;Como;1
Nueva York;Zambada Garcia;3
Nueva York;Ernesto Zedillo;4
Nueva York;Tampa;4
Nueva York;Aqui;4
Nueva York;Kennedy;2
Nueva York;Patricia Espinosa;1
Nueva York;Espinosa;1
Nueva York;Angeles;4
Nueva York;Washington;2
Nueva York;Cordero;2
Nueva York;Chapo Guzman;4
Nueva York;Felipe Calderon;4
Nueva York;Josefina Vazquez;3
Nueva York;Guzman Loera;3
Nueva York;Baltimore;4
Nueva York;Nava;2
Nueva York;Houston;4
Nueva York;Nueva York;2
Nueva York;Alfredo Guzman;2
Nueva York;Mexico;2
Nueva York;Lopez Obrador;4
Nueva York;Paso;4
Nueva York;Cuando;2
Nueva York;Bush;2
Nueva York;Martinez;2
Nueva York;Austria;1
Nueva York;Calderon;4
Nueva York;Mayo Zambada;2
Nueva York;George;2
Nueva York;Vicente Zambada Niebla;3
Cielos;Arellano Felix;4
Cielos;Angel Gonzalez;2
Cielos;Se単or;4
Cielos;Emilio Varela;2
Patricia Flores;Ernesto Cordero;4
Patricia Flores;Gabriela Rojas;1
Patricia Flores;Felipe Calderon;1
Patricia Flores;George Lopez;4
Patricia Flores;Margarita Zavala;1
Patricia Flores;Gerardo Ruiz Mateos;4
Patricia Flores;Guillermo Valdes;3
Patricia Flores;Alejandra Sota;4
Patricia Flores;Casa Blanca;2
Patricia Flores;Norte;4
Patricia Flores;Oregon;3
Patricia Flores;Dionisio Perez Jacome;4
Patricia Flores;Carlos Santana;3
Patricia Flores;Claudia Talancon;4
Patricia Flores;Carlos Pascual;2
Patricia Flores;Julian Ventura;4
Patricia Flores;America;4
Patricia Flores;Bill Richardson;4
Patricia Flores;Calderon;4
Patricia Flores;Aguilar;4
Patricia Flores;Patricia Espinosa;4
Patricia Flores;Fernando;4
Patricia Flores;Cordero;4
Patricia Flores;Maximiliano Cortazar;4
Patricia Flores;Hacienda;4
Patricia Flores;Josefina Vazquez Mota;3
Patricia Flores;Carlos Castillo Peraza;2
Patricia Flores;Juan Ignacio Zavala;4
Patricia Flores;Carlos Slim;4
Patricia Flores;Nava;4
Patricia Flores;Martinez;4
Patricia Flores;Oaxaca;3
Patricia Flores;Pinos;1
Patricia Flores;Longoria;4
Patricia Flores;Margarita;4
Rojas;Vivanco;3
Rojas;Washington;2
Rojas;Mexico;2
Rojas;Gabriela Rojas;3
Rojas;Francisco Rojas Gutierrez;3
Rojas;Pascual;3
Rojas;Calderon;3
Rojas;Antonio Vivanco;4
Rojas;Enrique;2
Rojas;Nieto;2
Rojas;Camara;3
Cesar;Juan Camilo;3
Cesar;Calderon;3
Cesar;Felipe Calderon;1
Cesar;Federal;1
Cesar;Palacio;3
Cesar;Uribe;2
Cesar;Merida;1
Cesar;Cortazar;3
Cesar;Alvaro Uribe;3
Cesar;Belisario Betancourt;4
Cesar;Mayor;3
Cesar;Alfonso Lopez;4
George;Diego;2
George;Debia;3
George;Garcia Luna;1
George;Federal;4
George;Cuando;4
George;Juan;2
George;Cuando Calderon;2
George;Jacobson;1
George;Bush;4
George;Texas;4
George;Mueller;4
George;Casa Blanca;3
George;Partido;3
George;Norte;2
George;Senado;4
George;Garza;3
George;Andrews;2
George;Roberta Jacobson;2
George;America;2
George;Tampa;2
George;Bill;4
George;Chapo Guzman;2
George;Merida;4
George;Felipe Calderon;4
George;Camara;3
George;Houston;2
George;Mexico;3
George;Paso;2
George;Washington;1
George;Joaquin;2
George;Mayor;1
George;Laura;3
George;Calderon;1
George;Guillermo Galvan;1
George;Oval;3
George;George;1
Roberto Rock;Pascual;2
Roberto Rock;Calderon;2
Guerrero;Nuevo Leon;4
Guerrero;Garcia Luna;2
Guerrero;Sinaloa;4
Guerrero;Nuevo Vallarta;2
Guerrero;Guerrero;2
Guerrero;Nuevo Laredo;4
Guerrero;Martha Guillen Moreno;2
Guerrero;Eduardo;4
Guerrero;Virginia;2
Guerrero;California;4
Guerrero;Garza;1
Guerrero;Zeferino Torreblanca;4
Guerrero;Sonora;4
Guerrero;Pinos;3
Guerrero;Francisco Saynez;2
Guerrero;Jose Manuel Radilla;2
Guerrero;Guillermo Galvan;2
Guerrero;Lazaro Cardenas;4
Guerrero;Santa Catarina;2
Guerrero;Natividad Gonzalez Paras;4
Guerrero;Colorado;2
Guerrero;Mexico;2
Guerrero;Durango;4
Guerrero;Calderon;2
Guerrero;Ramiro Calvillo;2
Guerrero;Chihuahua;4
Ernesto Cordero;Vicente;4
Ernesto Cordero;Josefina Vazquez Mota;4
Ernesto Cordero;Pinos;3
Ernesto Cordero;Roberto Madrazo;1
Ernesto Cordero;Hacienda;4
Ernesto Cordero;Patricia Espinosa;4
Ernesto Cordero;Andres Manuel Lopez Obrador;1
Ernesto Cordero;Washington;2
Ernesto Cordero;Norte;4
Ernesto Cordero;Felipe Calderon;1
Ernesto Cordero;Cordero;2
Ernesto Cordero;Garza;3
Ernesto Cordero;Calderon;3
Ernesto Cordero;Margarita Zavala;1
Ernesto Cordero;Julian Ventura;4
Ernesto Cordero;Pascual;2
Ernesto Cordero;America;4
Ernesto Cordero;Tesoro;4
Ernesto Cordero;Fernando;4
Premio;Casa Blanca;2
Premio;Juarez;4
Premio;Mexico;3
Premio;Washington;4
Premio;Morales;4
Premio;General;4
Premio;Calderon;2
Long;Merida;2
Long;Mexico;4
Juan Jesus Posadas Ocampo;Benjamin;4
Juan Jesus Posadas Ocampo;Manuel Aguirre Galindo;4
Juan Jesus Posadas Ocampo;Federal;4
Juan Jesus Posadas Ocampo;Arellano Felix;2
Juan Jesus Posadas Ocampo;Guadalajara;4
Juan Jesus Posadas Ocampo;Liebano Saenz;1
Juan Jesus Posadas Ocampo;Leon Aragon;4
Juan Jesus Posadas Ocampo;Jesus Labra Aviles;4
Juan Jesus Posadas Ocampo;Chapo Guzman;2
Juan Jesus Posadas Ocampo;Pinos;2
Juan Jesus Posadas Ocampo;Ernesto Zedillo;1
Juan Jesus Posadas Ocampo;Luis;1
Juan Jesus Posadas Ocampo;Paez;4
Guzman Salazar;Mexico;4
Guzman Salazar;Federal;3
Guzman Salazar;Washington;3
Guzman Salazar;Felix Beltran;3
Guzman Salazar;Leon;3
Guzman Salazar;General;3
Guzman Salazar;Guzman;1
Guzman Salazar;Chapo Guzman;3
Guzman Salazar;Como;3
Guzman Salazar;Marina;4
Guzman Salazar;Jesus Alfredo Guzman Salazar;3
Guzman Salazar;Gordo;3
Guzman Salazar;Jardines;4
Jesus Zambada Garcia;Mexico;3
Jesus Zambada Garcia;Mayo Zambada;4
Jesus Zambada Garcia;Sinaloa;3
Jesus Zambada Garcia;Ismael;4
Juan Luis;Luis Gabriel;4
Juan Luis;Calderon Hinojosa;2
Juan Luis;Partido;4
Juan Luis;Felipe;4
Juan Luis;Vega;3
Juan Luis;Calderon;3
Juan Luis;Luisa Maria;4
Rice;Mayor;4
Rice;Collin Powell;4
Rice;Casa Blanca;3
Rice;Beltran Leyva;2
Rice;Mexico;2
Rice;Guerra;3
Rice;Washington;4
Rice;General;2
Rice;Bush;2
Rice;Garza;2
Rice;Calderon;4
Rice;Santo Domingo;3
Rice;Colegio;3
Gerardo Ruiz Mateos;Eduardo Serrano;4
Gerardo Ruiz Mateos;Felipe Calderon;1
Gerardo Ruiz Mateos;Guillermo Valdes;3
Gerardo Ruiz Mateos;Alejandra Sota;4
Gerardo Ruiz Mateos;Ford Mexico;4
Gerardo Ruiz Mateos;Fiesta;1
Gerardo Ruiz Mateos;Ford;4
Gerardo Ruiz Mateos;Pascual;1
Gerardo Ruiz Mateos;Carlos Pascual;4
Gerardo Ruiz Mateos;Nieto;4
Gerardo Ruiz Mateos;Nava;4
Gerardo Ruiz Mateos;Aguilar;4
Gerardo Ruiz Mateos;Cordero;4
Gerardo Ruiz Mateos;Maximiliano Cortazar;4
Gerardo Ruiz Mateos;Josefina Vazquez Mota;3
Gerardo Ruiz Mateos;Carlos Castillo Peraza;2
Gerardo Ruiz Mateos;Mexico;1
Gerardo Ruiz Mateos;Juan Ignacio Zavala;4
Gerardo Ruiz Mateos;Dionisio Perez Jacome;4
Gerardo Ruiz Mateos;Martinez;4
Gerardo Ruiz Mateos;Calderon;4
Gerardo Ruiz Mateos;Enrique;4
Gerardo Ruiz Mateos;Margarita;4
Arizona;Camarena;1
Arizona;Zapata;1
Arizona;Guadalajara;1
Arizona;Guadalupe;4
Arizona;Bush;1
Arizona;Rafael Caro Quintero;1
Arizona;Texas;4
Arizona;Casa Blanca;4
Arizona;Rosas;2
Arizona;Gallardo;4
Arizona;Guatemala;2
Arizona;California;4
Arizona;Calderon;1
Arizona;Nuevo Mexico;4
Arizona;Tres;4
Arizona;Baltimore;3
Arizona;Tabaco;4
Arizona;Mexico;1
Arizona;Guerra;3
Arizona;Armas;4
Arizona;Durante;2
Arizona;Virgen;4
Arizona;Pinos;1
Arizona;Enrique;1
Medellin;Cali;4
Chiapas;Carlos Castillo Peraza;1
Chiapas;Chavez;2
Chiapas;Marcos;4
Chiapas;Rodriguez;3
Chiapas;Luis Gabriel;4
Chiapas;Luisa Maria;4
Chiapas;Pablo Milanes;3
Cordoba;Rafa Diaz;3
Cordoba;Tierra Blanca;4
Cordoba;Poza;3
Cordoba;Alvarado;4
Cordoba;Cesareo;3
Cordoba;Veracruz;4
Gabriel Consuegra Martinez;Felipe Calderon;1
Gabriel Consuegra Martinez;Gabriel Consuegra Arroyo;4
Alan;Mexico;4
Ford;Edgar Allan;2
Ford;Juarez;3
Ford;Mexico;3
Ford;Ford Mexico;4
Ford;Blanco;3
Ford;Fiesta;3
Ford;Eduardo Serrano;4
Ford;Ford;3
Ford;Pascual;3
Ford;Nelson;4
Ford;Calderon;4
Ford;Felipe Calderon;3
Ford;Enrique;4
Ford;General;4
Ford;Nieto;4
Ford;Carlos Pascual;4
Cruz;Estrella;4
Cruz;Mueller;1
Cruz;Corazon;4
Higuera Guerrero;Diego;4
Higuera Guerrero;Paez Martinez;4
Fuerte;Alma;2
Fuerte;Salvador;1
Fuerte;Panama;2
Fuerte;Arnulfo Romero;2
Fuerte;America;2
Fuerte;Escuela;1
Julian Ventura;Calderon;4
Julian Ventura;Mexico;4
Julian Ventura;Norte;4
Julian Ventura;Patricia Espinosa;4
Julian Ventura;Fernando;4
Julian Ventura;Felipe Calderon;1
Julian Ventura;Pinos;2
Julian Ventura;Margarita Zavala;1
Julian Ventura;Roberta Jacobson;3
Julian Ventura;Hacienda;4
Julian Ventura;America;4
Julian Ventura;Restrepo;3
Abel Barajas;Andrea Merlos;2
Abel Barajas;Javier Cardenas;3
Abel Barajas;Cristobal Garcia;3
Abel Barajas;Victor Fuentes;3
Abel Barajas;Emigdio Garcia;3
America;Monterrey;2
America;Garcia Luna;1
America;Omar Torrijos;2
America;Washington;3
America;Panama;4
America;Hugo;2
America;Guadalajara;4
America;Jacobson;3
America;Bush;2
America;Manuel Antonio Noriega;2
America;Castillo;4
America;Leopoldo;2
America;Margarita Zavala;1
America;Argentina;2
America;Colegio;4
America;Alma;4
America;Williamson;2
America;Europa;1
America;Bruce Williamson;4
America;Norte;3
America;Pinos;4
America;Francisco Ramirez;3
America;Garza;1
America;Roberta Jacobson;4
America;Nieto;1
America;America;3
America;Holder;4
America;Robert;4
America;Restrepo;4
America;Escuela;3
America;Eduardo;2
America;Brasil;2
America;Salvador;3
America;Patricia Espinosa;4
America;Corea;2
America;Espinosa;4
America;Fernando;4
America;Chavez;4
America;Moreno;4
America;Arnulfo Romero;4
America;Merida;2
America;Felipe Calderon;1
America;Hugo Chavez;3
America;Guerra Fria;3
America;Dennis;4
America;Consejo;4
America;Galvan;1
America;Guerra;4
America;Mexico;4
America;Cuando;3
America;Durante;4
America;Oriente;4
America;Calderon;1
America;Hacienda;4
Jose Antonio Torres Marrufo;Felipe Cabrera Sarabia;3
Jose Antonio Torres Marrufo;Chapo Guzman;4
Jose Antonio Torres Marrufo;Zambada Niebla;3
Gregorio;Beltran Leyva;4
Gregorio;Sauceda;4
Gregorio;Sinaloa;4
Gregorio;Raymundo;4
Gregorio;Almanza;4
Gregorio;Vicente Zambada Niebla;4
Gregorio;Canicon Najera;4
Gregorio;Huerta;4
Corea;Brasil;2
Corea;Mexico;4
Corea;Norte;4
Corea;Berlin;2
Corea;China;2
Corea;Libia;4
David Barron Corona;Diego;4
David Barron Corona;Javier;2
David Barron Corona;Arellano Felix;1
David Barron Corona;Ramon;2
David Barron Corona;Logan;4
David Barron Corona;Guadalajara;2
David Barron Corona;Puerto Vallarta;2
David Barron Corona;Chapo Guzman;2
Angel Gonzalez;Arellano Felix;2
Angel Gonzalez;Emilio Varela;4
Angel Gonzalez;Se単or;2
Merida;Castillo Peraza;1
Merida;Mola;4
Merida;Juan Camilo;2
Merida;Pedro Garza;1
Merida;Luis Calderon;3
Merida;Jose Murat;3
Merida;Grande Barragan;3
Merida;Bush;4
Merida;Joseph;2
Merida;Garcia Luna;1
Merida;Juarez;4
Merida;Dias;1
Merida;Washington;3
Merida;Alfonso Lopez;1
Merida;Navidad;3
Merida;Casa Blanca;3
Merida;Cortazar;2
Merida;Norte;3
Merida;Palacio;2
Merida;Ignacio Coronel;3
Merida;Federal;4
Merida;Barbie Valdez;3
Merida;York;3
Merida;Ernesto Zedillo;1
Merida;Garza;3
Merida;Nieto;1
Merida;Pascual;4
Merida;Holder;4
Merida;Carlos Pascual;3
Merida;Calderon;1
Merida;Victor Correa Racho;4
Merida;Patricia Espinosa;1
Merida;Samuel Solis;4
Merida;Espinosa;1
Merida;Grandes;3
Merida;Edgar;3
Merida;Angeles;3
Merida;Galvan;1
Merida;Garcia;3
Merida;Vega;3
Merida;Villas;1
Merida;Merida;1
Merida;Roma;1
Merida;Felipe Calderon;3
Merida;Rosario Green;3
Merida;Carlos;4
Merida;Camara;4
Merida;Gabriela Rojas;4
Merida;Consejo;3
Merida;Felipe;3
Merida;Siria;2
Merida;Mexico;2
Merida;Cuando;1
Merida;Durante;2
Merida;Roberta Jacobson;4
Merida;Maria Davila;1
Merida;Pinos;3
Merida;Arturo Beltran;3
Merida;Alvaro Uribe;2
Merida;Belisario Betancourt;1
Merida;Dennis;3
Merida;Morelia;1
Merida;Mayor;2
Merida;Guadalajara;2
Merida;Victor;3
Martha Mendoza;Elliot;4
Martha Mendoza;Marshall;3
Martha Mendoza;Cuando;2
Martha Mendoza;Gallardo;3
Martha Mendoza;Chapo Guzman;2
Martha Mendoza;Graham;3
Martha Mendoza;Sinaloa;4
Jaime Zapata;Casa Blanca;1
Jaime Zapata;Zapata;1
Jaime Zapata;Mexico;4
Jaime Zapata;Washington;3
Jaime Zapata;Pinos;1
Jaime Zapata;Calderon;3
Jaime Zapata;Luis;4
Jaime Zapata;Tres;4
Jaime Zapata;Julian Zapata;4
Carrillo Fuentes;Jose;1
Carrillo Fuentes;Vicente Carrillo Fuentes;1
Carrillo Fuentes;Juarez;1
Carrillo Fuentes;Carrillo Fuentes;2
Carrillo Fuentes;Villarreal;1
Carrillo Fuentes;Rogelio Villarreal;2
Carrillo Fuentes;Heriberto Santillan;2
Carrillo Fuentes;York;1
Carrillo Fuentes;Ginger Thompson;1
Carrillo Fuentes;Ramirez Peyro;1
Carrillo Fuentes;Miguel Angel;1
Armas;Guadalupe;4
Armas;Tabaco;4
Armas;Casa Blanca;2
Armas;Virgen;4
Cortazar;Nava;4
Cortazar;Juan Camilo;4
Cortazar;Sota;4
Cortazar;Federal;2
Cortazar;Palacio;4
Cortazar;Martinez;4
Cortazar;Uribe;1
Cortazar;Cordero;4
Cortazar;Calderon;4
Cortazar;Josefina Vazquez;1
Cortazar;Alvaro Uribe;4
Cortazar;Belisario Betancourt;3
Cortazar;Mayor;4
Cortazar;Felipe Calderon;2
Cortazar;Alfonso Lopez;3
Gonzalez Paras;Gobierno;3
Gonzalez Paras;Palacio;3
Gonzalez Paras;Calderon;2
Andres Manuel Lopez Obrador;Vicente;1
Andres Manuel Lopez Obrador;Casa Blanca;3
Andres Manuel Lopez Obrador;Mexico;1
Andres Manuel Lopez Obrador;Roberto Madrazo;4
Andres Manuel Lopez Obrador;German Martinez;3
Andres Manuel Lopez Obrador;Lopez Obrador;1
Andres Manuel Lopez Obrador;Washington;2
Andres Manuel Lopez Obrador;Pinos;2
Andres Manuel Lopez Obrador;Laura;2
Andres Manuel Lopez Obrador;Guadalupe;1
Andres Manuel Lopez Obrador;Bush;2
Andres Manuel Lopez Obrador;Garza;2
Andres Manuel Lopez Obrador;Virgen;1
Andres Manuel Lopez Obrador;Calderon;2
Andres Manuel Lopez Obrador;Enrique;4
Andres Manuel Lopez Obrador;Josefina Vazquez Mota;1
Andres Manuel Lopez Obrador;Nieto;4
Andres Manuel Lopez Obrador;Carlos Pascual;1
Arabia;Casa Blanca;2
Arabia;Reynosa;1
Arabia;Daniel;4
Arabia;Washington;4
Arabia;Texas;1
Belisario Betancourt;Juan Camilo;3
Belisario Betancourt;Calderon;3
Belisario Betancourt;Felipe Calderon;1
Belisario Betancourt;Federal;1
Belisario Betancourt;Palacio;3
Belisario Betancourt;Uribe;2
Belisario Betancourt;Alvaro Uribe;3
Belisario Betancourt;Mayor;3
Belisario Betancourt;Alfonso Lopez;4
Alberto Cardenas Jimenez;Washington;1
Alberto Cardenas Jimenez;Jesus Reyes;4
Alberto Cardenas Jimenez;Calderon;1
Alberto Cardenas Jimenez;Mexico;2
Victor;Casa Blanca;4
Victor;Mexico;3
Victor;Norte;4
Victor;Galvan;4
Victor;Pascual;3
Victor;Marina;3
Victor;Dennis;4
Vivia;Austin;4
Vivia;Rock;4
Miguel Caro Quintero;Enrique Camarena;4
Miguel Caro Quintero;Sonora;4
Miguel Caro Quintero;Guadalajara;4
Miguel Caro Quintero;Rafael Caro Quintero;4
Camarena;Zapata;4
Camarena;Mexico;2
Camarena;Guadalajara;4
Camarena;Julian Zapata Espinoza;1
Camarena;Rafael Caro Quintero;4
Camarena;Luis;2
Camarena;Enrique;4
Collin Powell;Guerra;3
Collin Powell;Mexico;3
Collin Powell;Colegio;3
Collin Powell;Santo Domingo;3
Robert;Seis;2
Robert;Mexico;2
Robert;Arellano Felix;3
Robert;Paez Martinez;4
Robert;David;4
Robert;Paez;2
Robert;Arturo Paez Martinez;3
Robert;Diego;4
Guadalupe;Tabaco;4
Guadalupe;Casa Blanca;2
Guadalupe;Villa;4
Guadalupe;Echeverria;1
Guadalupe;Mexico;1
Guadalupe;Enrique;1
Guadalupe;Dias;1
Guadalupe;Salinas;1
Guadalupe;Virgen;4
Guadalupe;Calderon;3
Guadalupe;Nieto;1
Guadalupe;Josefina Vazquez Mota;1
Guadalupe;Gortari;1
Guadalupe;Lopez Portillo;1
Felipe Calderon Hinojosa;Felipe Calderon;2
Felipe Calderon Hinojosa;Torre;4
Felipe Calderon Hinojosa;Calderon;2
Felipe Calderon Hinojosa;Elliot Ness;2
Natividad Gonzalez Paras;Nuevo Leon;4
Natividad Gonzalez Paras;Barbie;2
Natividad Gonzalez Paras;Eduardo;4
Natividad Gonzalez Paras;Nuevo Vallarta;2
Natividad Gonzalez Paras;Zeferino Torreblanca;4
Natividad Gonzalez Paras;Gobierno;4
Natividad Gonzalez Paras;Lazaro Cardenas;4
Natividad Gonzalez Paras;Chapo Guzman;2
Natividad Gonzalez Paras;Calderon;2
Natividad Gonzalez Paras;Rogelio Cerda;4
Natividad Gonzalez Paras;Sonora;4
Natividad Gonzalez Paras;Huerta;2
Rostro;Navidad;2
Rostro;Mexico;2
Rostro;Felipe Calderon;2
Rostro;Calderon;4
Rostro;Marina;2
Rostro;Tres;2
Colegio;Monterrey;2
Colegio;Williamson;2
Colegio;Europa;4
Colegio;Bruce Williamson;4
Colegio;Mariano Francisco Saynez Mendoza;1
Colegio;Guerra;4
Colegio;Eduardo;2
Colegio;Mexico;2
Colegio;Santo Domingo;2
Colegio;Galvan;3
Colegio;Bush;2
Colegio;Moreno;4
Colegio;Calderon;3
Colegio;Guillermo Galvan;2
Colegio;Marina;1
Colegio;Mayor;2
Alfonso Lopez;Juan Camilo;3
Alfonso Lopez;Calderon;3
Alfonso Lopez;Felipe Calderon;1
Alfonso Lopez;Federal;1
Alfonso Lopez;Palacio;3
Alfonso Lopez;Uribe;2
Alfonso Lopez;Alvaro Uribe;3
Alfonso Lopez;Mayor;3
Diez;Lazaro Cardenas;4
Diez;Abelardo Rodriguez;4
Diez;Casa Blanca;1
Diez;Juarez;4
Diez;Consejo;1
Tiempo;Loya;1
Tiempo;Sinaloa;1
Tiempo;Chapo Guzman;4
Europa;Monterrey;2
Europa;Castillo Peraza;2
Europa;Williamson;2
Europa;Bruce Williamson;4
Europa;Mexico;4
Europa;Guerra;4
Europa;Norte;1
Europa;Berlin;2
Europa;Crisanto Perez;1
Europa;Bush;2
Europa;Oriente;4
Europa;Moreno;4
Europa;Castillo;4
Europa;Calderon;2
Europa;Eduardo;2
Europa;Texas;1
Tesoro;Diego;4
Tesoro;Norte;4
Tesoro;Arellano Felix;3
Tesoro;Washington;2
Tesoro;Cordero;2
Tesoro;California;4
Tesoro;Calderon;3
Tesoro;Hacienda;4
Tesoro;Garza;3
Tesoro;Pascual;2
Avelino Vazquez Ruiz;Arellano Felix;4
Avelino Vazquez Ruiz;Juarez;2
Avelino Vazquez Ruiz;Sonora;4
Avelino Vazquez Ruiz;Rene Hilario Nieto;2
Senado;Partido;2
Senado;Bush;2
Senado;Casa Blanca;3
Flores;Pedro;3
Flores;Alfredo Guzman;1
Flores;Beltran Leyva;4
Flores;Mayo;4
Flores;Washington;3
Flores;Margarito Flores;3
Flores;Sinaloa;4
Flores;Angeles;3
Flores;Flores;3
Flores;Chapo Guzman;3
Flores;Zambada Garcia;4
Flores;Mayo Zambada;3
Flores;Guzman Loera;4
Flores;Hope;3
Flores;Vicente Zambada Niebla;4
Bill Richardson;Carlos Fuentes;3
Bill Richardson;Washington;3
Bill Richardson;George Lopez;4
Bill Richardson;Oregon;3
Bill Richardson;Casa Blanca;2
Bill Richardson;Pinos;1
Bill Richardson;Carlos Slim;4
Bill Richardson;Carlos Santana;3
Bill Richardson;Claudia Talancon;4
Bill Richardson;Carlos Pascual;2
Bill Richardson;Brasil;1
Bill Richardson;Patricia Espinosa;4
Bill Richardson;Fernando;4
Bill Richardson;Calle;3
Bill Richardson;Oaxaca;3
Bill Richardson;Mexico;3
Bill Richardson;Gabriela Rojas;1
Bill Richardson;Calderon;3
Bill Richardson;Longoria;4
Heriberto Santillan;Jose;1
Heriberto Santillan;Juarez;4
Heriberto Santillan;Villarreal;1
Heriberto Santillan;Rogelio Villarreal;2
Heriberto Santillan;York;1
Heriberto Santillan;Ginger Thompson;1
Heriberto Santillan;Ramirez Peyro;1
Heriberto Santillan;Miguel Angel;1
Brasil;Chavez;2
Brasil;Brasil;4
Brasil;Mexico;1
Brasil;Federal;2
Brasil;Millan Gomez;2
Brasil;Espinosa;2
Brasil;Bush;1
Brasil;Guatemala;4
Brasil;China;4
Brasil;Peru;4
Brasil;Norte;2
Brasil;Millan;3
Kennedy;Como;3
Kennedy;Consejo;1
Kennedy;Mexico;2
Kennedy;Wall;2
Kennedy;Quintana;4
Kennedy;Cuando;2
Kennedy;California;4
Kennedy;Calderon;2
Kennedy;Ernesto Zedillo;2
Patricia Espinosa;German Martinez;2
Patricia Espinosa;Cuando Calderon;3
Patricia Espinosa;George Lopez;4
Patricia Espinosa;Margarita Zavala;1
Patricia Espinosa;Navidad;1
Patricia Espinosa;Casa Blanca;1
Patricia Espinosa;Norte;4
Patricia Espinosa;Oregon;3
Patricia Espinosa;Carlos Slim;4
Patricia Espinosa;Carlos Santana;3
Patricia Espinosa;Claudia Talancon;4
Patricia Espinosa;Garza;1
Patricia Espinosa;Carlos Pascual;2
Patricia Espinosa;Pascual;3
Patricia Espinosa;Restrepo;4
Patricia Espinosa;Pinos;2
Patricia Espinosa;Espinosa;1
Patricia Espinosa;Fernando;4
Patricia Espinosa;Washington;1
Patricia Espinosa;Oaxaca;3
Patricia Espinosa;Felipe Calderon;2
Patricia Espinosa;Hacienda;4
Patricia Espinosa;Camara;4
Patricia Espinosa;Gabriela Rojas;1
Patricia Espinosa;Mexico;3
Patricia Espinosa;Siria;2
Patricia Espinosa;Cuando;4
Patricia Espinosa;Austria;4
Patricia Espinosa;Laura Pena;4
Patricia Espinosa;Calderon;4
Patricia Espinosa;Longoria;4
Patricia Espinosa;Llamo;4
Felix Beltran;Mexico;3
Felix Beltran;Federal;2
Felix Beltran;Washington;2
Felix Beltran;Leon;4
Felix Beltran;General;2
Felix Beltran;Marina;4
William Leonardo Graham;Durante;1
William Leonardo Graham;Rosas;1
William Leonardo Graham;Gallardo;1
William Leonardo Graham;Mexico;1
Josefina Vazquez Mota;Chapo;3
Josefina Vazquez Mota;Guillermo Valdes;4
Josefina Vazquez Mota;Vicente;4
Josefina Vazquez Mota;Alejandra Sota;3
Josefina Vazquez Mota;Partido;4
Josefina Vazquez Mota;Roberto Madrazo;1
Josefina Vazquez Mota;Garza;3
Josefina Vazquez Mota;Carlos Pascual;1
Josefina Vazquez Mota;Nieto;4
Josefina Vazquez Mota;Nava;3
Josefina Vazquez Mota;Calderon;3
Josefina Vazquez Mota;Aguilar;3
Josefina Vazquez Mota;Cordero;3
Josefina Vazquez Mota;Maximiliano Cortazar;3
Josefina Vazquez Mota;Carlos Castillo Peraza;3
Josefina Vazquez Mota;Mexico;1
Josefina Vazquez Mota;Juan Ignacio Zavala;3
Josefina Vazquez Mota;Dionisio Perez Jacome;3
Josefina Vazquez Mota;Martinez;3
Josefina Vazquez Mota;Virgen;1
Josefina Vazquez Mota;Pinos;3
Josefina Vazquez Mota;Enrique;4
Josefina Vazquez Mota;Margarita;3
Arturo Paez Martinez;Seis;1
Arturo Paez Martinez;Mexico;1
Arturo Paez Martinez;Arellano Felix;4
Arturo Paez Martinez;Paez Martinez;3
Arturo Paez Martinez;David;3
Arturo Paez Martinez;Jesus Labra Aviles;1
Arturo Paez Martinez;Manuel Aguirre Galindo;1
Arturo Paez Martinez;Paez;1
Arturo Paez Martinez;Diego;2
Guerra Fria;Casa Blanca;1
Guerra Fria;Casablanca;4
Guerra Fria;Mexico;4
Guerra Fria;Guerra;3
Guerra Fria;Norte;2
Guerra Fria;Panama;3
Guerra Fria;Mateos;2
Guerra Fria;Guerra Fria;3
Guerra Fria;Berlin;2
Guerra Fria;Scott;4
Guerra Fria;Pinos;1
Guerra Fria;China;2
Guerra Fria;Colorado;2
Tello;Tello;3
Tello;Mexico;4
Tello;Sacramento;3
Tello;Medina;4
Tello;Genaro Garcia Luna;1
Tello;Jorge Tello Peon;3
Tello;Jalisco;1
Tello;Calderon;3
Tello;Eduardo;3
Tello;Francisco Ramirez;1
Bush;Monterrey;4
Bush;Diego;2
Bush;Debia;3
Bush;Guillermo Galvan;1
Bush;Garcia Luna;1
Bush;Thomas;3
Bush;Beltran Leyva;4
Bush;Federal;4
Bush;Washington;1
Bush;Juan;2
Bush;Cuando Calderon;4
Bush;Jacobson;1
Bush;Bush;1
Bush;Peru;1
Bush;Texas;4
Bush;Guillermo Valdes;3
Bush;Mueller;4
Bush;Casa Blanca;3
Bush;Johnson;3
Bush;Partido;3
Bush;Norte;2
Bush;Guatemala;3
Bush;Garza;3
Bush;Andrews;2
Bush;Marina;2
Bush;Tampa;2
Bush;Alto;3
Bush;Nuevo Mexico;1
Bush;Bill;4
Bush;Espinosa;4
Bush;David;3
Bush;Roberta Jacobson;2
Bush;Edgar Millan Gomez;2
Bush;Williamson;4
Bush;Moreno;2
Bush;Chapo Guzman;2
Bush;Millan;2
Bush;Felipe Calderon;4
Bush;Joaquin;2
Bush;Camara;3
Bush;Lopez Portillo;2
Bush;Houston;2
Bush;Bruce Williamson;2
Bush;Mexico;3
Bush;Guerra;2
Bush;York;3
Bush;Paso;2
Bush;Cuando;4
Bush;Crisanto;1
Bush;Durante;2
Bush;General;2
Bush;Bradley;3
Bush;Corte;2
Bush;Pinos;1
Bush;Millan Gomez;3
Bush;Oval;3
Bush;Perez;1
Bush;Calderon;4
Bush;Laura;3
Bush;Mayor;1
Luna;Naranjo;1
Luna;Garcia Luna;2
Luna;Mexico;4
Luna;Ramirez Mandujano;1
Luna;Garcia;1
Luna;Ricardo Gutierrez;1
Laura Pena;Casa Blanca;4
Laura Pena;Calderon;2
Laura Pena;Pinos;2
Laura Pena;Restrepo;4
Hermosillo;Washington;2
Hermosillo;Arellano Felix;2
Hermosillo;Cuando;2
Hermosillo;Loya;1
Hermosillo;David;2
Hermosillo;Joaquin;1
Hermosillo;California;2
Hermosillo;Chapo Guzman;1
Hermosillo;Sonora;4
Julian;Felipe Calderon;1
Julian;Torre;4
Julian;Martin;1
Julian;Salman;1
Julian;Mexico;4
Alvaro Uribe;Chavez;1
Alvaro Uribe;Juan Camilo;4
Alvaro Uribe;Calderon;1
Alvaro Uribe;Mexico;1
Alvaro Uribe;Federal;2
Alvaro Uribe;Fidel Castro;1
Alvaro Uribe;Palacio;4
Alvaro Uribe;Hugo Chavez;2
Alvaro Uribe;Garza;2
Alvaro Uribe;Uribe;1
Alvaro Uribe;Mayor;4
Alvaro Uribe;Felipe Calderon;3
Gordo;Chapo Guzman;2
Gordo;Como;2
Gordo;Marina;3
Gordo;Jesus Alfredo Guzman Salazar;4
Gordo;Jardines;3
Carlos Montemayor;Roberto Lopez;4
Carlos Montemayor;Montemayor;1
Carlos Montemayor;Arturo Beltran Leyva;1
Carlos Montemayor;Juan Montemayor;4
Carlos Montemayor;Valdez;1
Carlos Montemayor;Ruben Hernandez;4
Federal;Monterrey;3
Federal;Cuando;4
Federal;Arellano;2
Federal;Beltran Leyva;3
Federal;Fraga;4
Federal;Mexicano;4
Federal;Edgar Millan Gomez;1
Federal;Puma;4
Federal;Echeverria;2
Federal;Arias;1
Federal;Dias;2
Federal;Benjamin;4
Federal;Freeman;3
Federal;Julian Zapata Espinoza;3
Federal;Cinco;1
Federal;Guatemala;2
Federal;York;2
Federal;Zambada Garcia;3
Federal;Ernesto Zedillo;1
Federal;Luis;1
Federal;Paez;4
Federal;Alto;1
Federal;Juarez;2
Federal;Ramirez Mandujano;3
Federal;Jalisco;3
Federal;Cardenas Guillen;4
Federal;Cerca;1
Federal;Washington;4
Federal;Pinos;3
Federal;Chihuahua;1
Federal;Alejandro Rodriguez Meza;2
Federal;Patricio;1
Federal;German Martinez;4
Federal;Sinaloa;2
Federal;Leon Aragon;4
Federal;Francisco Castillo;1
Federal;Peru;2
Federal;Valdez Villarreal;1
Federal;Casa Blanca;2
Federal;Caminos;2
Federal;Zambada Niebla;3
Federal;Texas;4
Federal;Ricardo Gutierrez;3
Federal;Calderon;1
Federal;Jorge Tello Peon;3
Federal;Vicente Carrillo;2
Federal;Camara;2
Federal;Gerardo Garay;4
Federal;Garcia;1
Federal;Madrid;2
Federal;Jesus;3
Federal;Luis Antonio;1
Federal;Millan Gomez;4
Federal;Veracruz;3
Federal;Mayor;2
Federal;Nuevo Leon;2
Federal;Juan Camilo;2
Federal;Barbie;4
Federal;Consejo;3
Federal;Genaro Garcia Luna;4
Federal;Valdez;4
Federal;Margarita Zavala;2
Federal;Liebano Saenz;1
Federal;Norte;4
Federal;Loya;2
Federal;Nieto;2
Federal;Gortari;2
Federal;Andre Breton;1
Federal;Espinosa;1
Federal;Marina;4
Federal;Cesar Nava;3
Federal;Villas;2
Federal;Mueller;3
Federal;Xochimilco;3
Federal;Gilberto Higuera Guerrero;2
Federal;Lopez Obrador;2
Federal;Leon;2
Federal;General;4
Federal;Guzman;3
Federal;Francisco Navarro;4
Federal;Benito Juarez;3
Federal;Tres Marias;1
Federal;Enrique;1
Federal;Morelos;2
Federal;Garcia Luna;4
Federal;Federal;2
Federal;Matamoros;3
Federal;Gutierrez;4
Federal;Naranjo;3
Federal;Manuel Aguirre Galindo;4
Federal;Arellano Felix;3
Federal;Palacio;2
Federal;Pascual;4
Federal;Carlos Pascual;3
Federal;Varios;4
Federal;Francisco Niembro;1
Federal;Angeles;2
Federal;Galvan;4
Federal;Alejandro Rubido;1
Federal;Zambada;2
Federal;Millan;3
Federal;Felipe Calderon;1
Federal;Lopez Portillo;2
Federal;Campeche;2
Federal;Mexico;1
Federal;Salinas;2
Federal;Jesus Labra Aviles;3
Federal;Guadalajara;4
Federal;Chapo Guzman;1
Cuando Calderon;Casa Blanca;4
Cuando Calderon;Mexico;2
Cuando Calderon;German Martinez;3
Cuando Calderon;Austria;3
Cuando Calderon;Martinez;1
Cuando Calderon;Cordero;1
Cuando Calderon;Garza;2
Cuando Calderon;Calderon;1
Cuando Calderon;Texas;2
Matamoros;Chihuahua;3
Matamoros;Nogales;4
Matamoros;Juarez;4
Matamoros;Beltran Leyva;4
Matamoros;Mexico;4
Matamoros;Culiacan;4
Matamoros;Marshall;2
Matamoros;Cuando;3
Matamoros;Guadalajara;4
Matamoros;Zambada Niebla;4
Matamoros;Marina;1
Matamoros;California;3
Matamoros;Durante;4
Matamoros;Calderon;4
Matamoros;Felipe Calderon;1
Matamoros;Nuevo Laredo;4
Matamoros;Mayo;3
Matamoros;Texas;3
Matamoros;Camara;2
Rafael Caro Quintero;Zapata;4
Rafael Caro Quintero;Mexico;2
Rafael Caro Quintero;Guadalajara;4
Rafael Caro Quintero;Julian Zapata Espinoza;1
Rafael Caro Quintero;Enrique Camarena;4
Rafael Caro Quintero;Luis;2
Rafael Caro Quintero;Enrique;4
Rafael Caro Quintero;Sonora;4
Nogales;Nuevo Laredo;4
Jose Federico Benitez Lopez;Castillo Peraza;4
Jose Federico Benitez Lopez;Colosio;4
Jose Federico Benitez Lopez;Miguel Angel Granados Chapa;3
Jose Federico Benitez Lopez;Calderon;4
Jose Federico Benitez Lopez;Francisco Ruiz Massieu;2
Jose Federico Benitez Lopez;Luis;4
Varios;Paez;1
Varios;Arellano Felix;1
Varios;Tres Marias;1
Varios;York;2
Varios;Morelos;2
Williamson;Monterrey;4
Williamson;Williamson;2
Williamson;Bruce Williamson;2
Williamson;Guerra;2
Williamson;Santa Lucia;4
Williamson;Washington;2
Williamson;Walk;4
Williamson;Nuevo Leon;4
Williamson;Moreno;2
Williamson;Garza;4
Williamson;Dias;2
Williamson;Antonio;4
Alejandro Poire;Poire;4
Alejandro Poire;Espinosa;3
Alejandro Poire;Consejo;4
Alejandro Poire;Pinos;4
Alejandro Poire;Mexico;3
Edgar Valdez Villarreal;Casa Blanca;2
Edgar Valdez Villarreal;Calderon;2
Edgar Valdez Villarreal;Barbie;4
Edgar Valdez Villarreal;Cuando;4
Edgar Valdez Villarreal;Joaquin;4
Edgar Valdez Villarreal;Tres Marias;2
Edgar Valdez Villarreal;Chapo Guzman;4
Edgar Valdez Villarreal;Pinos;2
Edgar Valdez Villarreal;Ismael;4
Edgar Valdez Villarreal;Mayo Zambada;4
Barbie Valdez;Mexico;3
Barbie Valdez;Arturo Beltran;4
Barbie Valdez;Grandes;4
Barbie Valdez;Edgar;4
Barbie Valdez;Ignacio Coronel;4
Barbie Valdez;Grande Barragan;4
Barbie Valdez;Garcia;4
Barbie Valdez;Pascual;1
Carlos Pascual;Monterrey;1
Carlos Pascual;Cuando;2
Carlos Pascual;Chihuahua;3
Carlos Pascual;Washington;3
Carlos Pascual;Eduardo Serrano;4
Carlos Pascual;Mexicano;3
Carlos Pascual;Mariano Otero;2
Carlos Pascual;George Lopez;2
Carlos Pascual;Margarita Zavala;1
Carlos Pascual;Freeman;4
Carlos Pascual;Casa Blanca;2
Carlos Pascual;Cuba;4
Carlos Pascual;Fiesta;1
Carlos Pascual;Oregon;3
Carlos Pascual;Carlos Santana;3
Carlos Pascual;Claudia Talancon;2
Carlos Pascual;Pascual;1
Carlos Pascual;Marina;1
Carlos Pascual;Nieto;4
Carlos Pascual;Calderon;3
Carlos Pascual;Longoria;2
Carlos Pascual;Fernando;2
Carlos Pascual;Oaxaca;3
Carlos Pascual;Villas;4
Carlos Pascual;Felipe Calderon;2
Carlos Pascual;Gabriela Rojas;3
Carlos Pascual;Mexico;4
Carlos Pascual;Ford Mexico;4
Carlos Pascual;Carlos Slim;2
Carlos Pascual;Pinos;4
Carlos Pascual;Enrique;4
Carlos Pascual;Morelia;2
Carlos Pascual;Hospicio;3
Miranda;Rafa Diaz;1
Miranda;Rafa Leal;4
Miranda;Poza;1
Miranda;Salas;4
Miranda;Cesareo;1
Miranda;Xicotencatl;3
Miranda;Veracruz;3
Miranda;Victor Manuel Perez Rocha;3
Miranda;Equis;4
Blablazo;Chihuahua;4
Blablazo;Jose Antonio Acosta Hernandez;4
Blablazo;Juarez;4
Blablazo;Sinaloa;4
Francisco Niembro;Patricio;4
Francisco Niembro;Garcia Luna;3
Francisco Niembro;Genaro Garcia Luna;1
Francisco Niembro;Alejandro Rubido;4
Francisco Niembro;Arias;4
Rogelio Villarreal;Monterrey;1
Rogelio Villarreal;Jose;3
Rogelio Villarreal;Juarez;2
Rogelio Villarreal;Villarreal;3
Rogelio Villarreal;York;3
Rogelio Villarreal;Ginger Thompson;3
Rogelio Villarreal;Ramirez Peyro;2
Rogelio Villarreal;Miguel Angel;3
Samuel Solis;Jose Murat;3
Cumbres;Morelia;4
Cumbres;Washington;1
Cumbres;Calderon;1
Cumbres;Cardenas;1
Ramirez;Cuba;4
Ramirez;Fidel Castro;3
Ramirez;Mexico;3
Ramirez;Guadalajara;2
Ramirez;Ramirez;3
Ramirez;Jalisco;2
Ramirez;Calderon;4
Ramirez;Marina;1
Garcia;Monterrey;4
Garcia;Naranjo;1
Garcia;Garcia Luna;3
Garcia;Mexico;1
Garcia;Arturo Beltran;4
Garcia;Grandes;4
Garcia;Juan Arturo Esparza Garcia;4
Garcia;Genaro Garcia Luna;2
Garcia;Grande Barragan;4
Garcia;Ricardo Almanza;4
Garcia;Edgar;4
Garcia;Ignacio Coronel;4
Garcia;Pascual;1
Oaxaca;Casa Blanca;1
Oaxaca;Gabriela Rojas;2
Oaxaca;Fernando;3
Oaxaca;Carlos Slim;3
Oaxaca;Claudia Talancon;3
Oaxaca;Carlos Santana;4
Oaxaca;George Lopez;3
Oaxaca;Pascual;1
Oaxaca;Oregon;4
Oaxaca;Pinos;2
Oaxaca;Longoria;3
Antonio Vivanco;Vivanco;3
Antonio Vivanco;Washington;2
Antonio Vivanco;Mexico;2
Antonio Vivanco;Gabriela Rojas;3
Antonio Vivanco;Francisco Rojas Gutierrez;3
Antonio Vivanco;Pascual;3
Antonio Vivanco;Calderon;3
Antonio Vivanco;Enrique;2
Antonio Vivanco;Nieto;2
Antonio Vivanco;Camara;3
Felipe Calderon;Diego;1
Felipe Calderon;Jose;2
Felipe Calderon;Paso;1
Felipe Calderon;Juan Camilo;2
Felipe Calderon;Beltran Leyva;1
Felipe Calderon;Castillo Peraza;1
Felipe Calderon;Fiesta;3
Felipe Calderon;Juan;1
Felipe Calderon;Cuando;2
Felipe Calderon;Emiliano Ruiz Parra;2
Felipe Calderon;Sinaloa;3
Felipe Calderon;Genaro Garcia Luna;1
Felipe Calderon;Margarita Zavala;4
Felipe Calderon;Joaquin;1
Felipe Calderon;Torre;1
Felipe Calderon;Navidad;4
Felipe Calderon;Casa Blanca;3
Felipe Calderon;Palacio;2
Felipe Calderon;Norte;1
Felipe Calderon;Cinco;4
Felipe Calderon;Garza;3
Felipe Calderon;Mayolo Lopez;1
Felipe Calderon;Marina;4
Felipe Calderon;Pascual;4
Felipe Calderon;Nieto;1
Felipe Calderon;Tampa;1
Felipe Calderon;Pinos;4
Felipe Calderon;Plaza;1
Felipe Calderon;Fernando;1
Felipe Calderon;Jorge Tello Peon;3
Felipe Calderon;Miguel Angel Granados Chapa;1
Felipe Calderon;Tres;4
Felipe Calderon;Camara;2
Felipe Calderon;Houston;2
Felipe Calderon;Lazaro Cardenas;2
Felipe Calderon;Lopez Obrador;4
Felipe Calderon;Mexico;1
Felipe Calderon;Washington;2
Felipe Calderon;Gabriel Consuegra Arroyo;1
Felipe Calderon;Calderon;2
Felipe Calderon;Hacienda;1
Felipe Calderon;Veracruz;1
Felipe Calderon;Morelia;4
Felipe Calderon;Mayor;2
Felipe Calderon;Chapo Guzman;1
Emilio Lozoya Austin;Washington;4
Emilio Lozoya Austin;Jorge;4
Emilio Lozoya Austin;Emilio Lozoya;4
Emilio Lozoya Austin;Carlos Salinas;4
Emilio Lozoya Austin;Luis Videgaray;4
Emilio Lozoya Austin;Nieto;4
Emilio Lozoya Austin;Gortari;4
Pedregal;Fuentes;4
Pedregal;Zambada Niebla;1
Rosario Green;Mexico;3
Rosario Green;Jorge;4
Rosario Green;Washington;4
Rosario Green;Pascual;4
Rosario Green;Ernesto Zedillo;3
Carlos;Castillo Peraza;1
Carlos;Calderon;1
Carlos;Victor Correa Racho;4
Carlos;Luis Calderon;3
Carlos;Felipe;3
Carlos;Vega;3
Carlos;Roma;1
Carlos;Mola;4
Consejo;Cuando;3
Consejo;Debia;1
Consejo;Quintana;1
Consejo;Guadalajara;4
Consejo;Dias;2
Consejo;Casa Blanca;1
Consejo;Norte;4
Consejo;Calderon;1
Consejo;Luis Ernesto Derbez;3
Consejo;Pascual;1
Consejo;Como;2
Consejo;California;1
Consejo;Juarez;1
Consejo;Espinosa;3
Consejo;Mexico;3
Consejo;Wall;3
Consejo;Poire;4
Consejo;Washington;3
Consejo;Pinos;4
Consejo;Garza;1
Mexico;Cuando;1
Mexico;Arellano;3
Mexico;Zapata;2
Mexico;Beltran Leyva;4
Mexico;Pedro Garza;1
Mexico;Palacio;1
Mexico;Mexicano;4
Mexico;Crisanto Perez;1
Mexico;Grande Barragan;3
Mexico;Nuevo Leon;1
Mexico;Libia;4
Mexico;Echeverria;2
Mexico;Dias;2
Mexico;Texas;4
Mexico;Vicente;4
Mexico;Sacramento;1
Mexico;Julian Zapata Espinoza;3
Mexico;Cinco;4
Mexico;Guatemala;4
Mexico;Zavala;3
Mexico;Hombre;2
Mexico;Marina;4
Mexico;Luis;2
Mexico;Delgado;4
Mexico;Paez;4
Mexico;Panama;4
Mexico;Tampa;1
Mexico;Alto;2
Mexico;Juarez;3
Mexico;Francisco Saynez;3
Mexico;Ramirez Mandujano;1
Mexico;Creel;2
Mexico;Roberta Jacobson;2
Mexico;Hugo Chavez;3
Mexico;Jacobson;1
Mexico;Lerma;4
Mexico;Cardenas Guillen;2
Mexico;Casablanca;4
Mexico;Angel;2
Mexico;Cerca;1
Mexico;Siria;2
Mexico;Fidel Castro;4
Mexico;Gabriela Rojas;3
Mexico;Francisco Rojas Gutierrez;3
Mexico;Morelia;2
Mexico;Calderon;2
Mexico;Perez;1
Mexico;Tandy;2
Mexico;Francis Scott Fitzgerald;1
Mexico;Castillo Peraza;1
Mexico;Debia;4
Mexico;Juan Manuel Santos;1
Mexico;Millan Gomez;3
Mexico;Carlos Fuentes;4
Mexico;German Martinez;1
Mexico;Eduardo Serrano;1
Mexico;Sinaloa;3
Mexico;Engel;4
Mexico;Jesus Reyes;2
Mexico;Peru;1
Mexico;Guillermo Valdes;2
Mexico;Casa Blanca;2
Mexico;Cuba;3
Mexico;Francia;4
Mexico;Zambada Niebla;2
Mexico;Berlin;2
Mexico;China;2
Mexico;Ricardo Gutierrez;1
Mexico;Holder;4
Mexico;Julian Zapata;4
Mexico;Benjamin;3
Mexico;Pinos;1
Mexico;Freeman;3
Mexico;Paez Martinez;2
Mexico;Salman;1
Mexico;Santiago Creel;1
Mexico;Calle;4
Mexico;Washington;4
Mexico;Oriente;4
Mexico;Manuel Fraga;1
Mexico;Rosas;2
Mexico;Tres;4
Mexico;David;2
Mexico;Camara;3
Mexico;Carlos Castillo Peraza;2
Mexico;Gerardo Garay;3
Mexico;Jorge Tello Peon;3
Mexico;Guerra;4
Mexico;Virginia;4
Mexico;Chapo;4
Mexico;Leyva;3
Mexico;Durante;4
Mexico;Laura;3
Mexico;Partido;3
Mexico;Austria;3
Mexico;Vega;1
Mexico;Eduardo;3
Mexico;Millan;2
Mexico;Corte;2
Mexico;Mayor;1
Mexico;Chihuahua;3
Mexico;Fraga;1
Mexico;Barbie;4
Mexico;Quintana;2
Mexico;Juan;1
Mexico;Martin;1
Mexico;Alejandro Rodriguez Meza;3
Mexico;Genaro Garcia Luna;1
Mexico;Edgar Millan Gomez;2
Mexico;Gallardo;4
Mexico;Margarita Zavala;1
Mexico;Joaquin;1
Mexico;Torre;4
Mexico;Enrique;2
Mexico;George Bush;4
Mexico;Chavez;4
Mexico;Star;2
Mexico;Ernesto Zedillo;2
Mexico;Norte;4
Mexico;Guanajuato;4
Mexico;Loya;4
Mexico;Luis Ernesto Derbez;4
Mexico;Roberto Madrazo;1
Mexico;Garza;4
Mexico;Como;3
Mexico;Raul;2
Mexico;California;2
Mexico;Nieto;1
Mexico;Pascual;4
Mexico;Gortari;2
Mexico;Restrepo;3
Mexico;York;4
Mexico;Vale;1
Mexico;Aqui;4
Mexico;Andre Breton;4
Mexico;Monterrey;1
Mexico;Zambada Garcia;3
Mexico;Espinosa;4
Mexico;Edgar;3
Mexico;Sancho;2
Mexico;Jesus Labra Aviles;2
Mexico;Villas;2
Mexico;Ismael;3
Mexico;Xochimilco;3
Mexico;Jose;4
Mexico;Colorado;1
Mexico;Wall;4
Mexico;Lopez Obrador;1
Mexico;Luis Calderon;1
Mexico;Crisanto;1
Mexico;Leon;3
Mexico;General;4
Mexico;Francisco Navarro;3
Mexico;Virgen;1
Mexico;Benito Juarez;3
Mexico;Vicente Carrillo;3
Mexico;Morelos;1
Mexico;Diego;1
Mexico;Paso;1
Mexico;Garcia Luna;2
Mexico;Morales;3
Mexico;Quesada;4
Mexico;Creo;2
Mexico;Gutierrez;3
Mexico;Jesus;3
Mexico;Navidad;3
Mexico;Mueller;1
Mexico;Jeffrey;4
Mexico;Francisco;1
Mexico;Vivanco;1
Mexico;Javier Sicilia;4
Mexico;Arellano Felix;2
Mexico;Fiesta;4
Mexico;Ignacio Coronel;3
Mexico;Avila Beltran;3
Mexico;Nueva;4
Mexico;Seis;4
Mexico;Naranjo;3
Mexico;Nuevo Mexico;2
Mexico;Medina;4
Mexico;Mateos;2
Mexico;Guillermo Galvan;1
Mexico;Grandes;3
Mexico;Galvan;3
Mexico;Armando;2
Mexico;Zambada;2
Mexico;Baltimore;1
Mexico;Lopez Portillo;2
Mexico;Houston;2
Mexico;Mexico;1
Mexico;Poire;3
Mexico;Ford Mexico;1
Mexico;Santo Domingo;4
Mexico;Oval;1
Mexico;Salinas;2
Mexico;Scott;4
Mexico;Arturo Beltran;3
Mexico;Andrews;4
Mexico;Mayo Zambada;3
Mexico;Mayo;1
Mexico;Guadalajara;4
Mexico;Chapo Guzman;1
Poire;Espinosa;3
Poire;Pinos;4
Santo Domingo;Guerra;2
Logan;Diego;4
Logan;Javier;2
Logan;Arellano Felix;1
Logan;Ramon;2
Logan;Puerto Vallarta;2
Javier Sicilia;Castillo Peraza;1
Javier Sicilia;Como;3
Javier Sicilia;Angel;2
Javier Sicilia;Luis Calderon;1
Javier Sicilia;Vega;1
Javier Sicilia;Calderon;2
Javier Sicilia;Sancho;2
Mola;Castillo Peraza;1
Mola;Calderon;1
Mola;Victor Correa Racho;4
Mola;Luis Calderon;3
Mola;Felipe;3
Mola;Vega;3
Mola;Roma;1
Equis;Rafa Leal;4
Equis;Salas;4
Equis;Xicotencatl;3
Equis;Veracruz;3
Equis;Victor Manuel Perez Rocha;3
Monterrey;Monterrey;1
Monterrey;Jose;2
Monterrey;Nuevo Leon;1
Monterrey;Teofilo Salinas;3
Monterrey;Pedro Garza;2
Monterrey;Cuando;4
Monterrey;Colegio Americano;4
Monterrey;Ginger Thompson;2
Monterrey;Vista;3
Monterrey;Peru;2
Monterrey;Bosques;3
Monterrey;Walk;4
Monterrey;Dias;4
Monterrey;Villarreal;2
Monterrey;Norte;4
Monterrey;Juan Arturo Esparza Garcia;4
Monterrey;Pascual;4
Monterrey;York;2
Monterrey;Marina;1
Monterrey;Garza;2
Monterrey;Bruce Williamson;2
Monterrey;Antonio;4
Monterrey;Moreno;4
Monterrey;Luis;4
Monterrey;Miguel Angel;2
Monterrey;Ricardo Almanza;4
Monterrey;Guerra;2
Monterrey;Santa Lucia;4
Monterrey;Washington;2
Monterrey;General;1
Monterrey;Reynosa;3
Monterrey;Calderon;1
Monterrey;Nicaragua;2
Arellano;Juarez;4
Arellano;Washington;2
Arellano;Sinaloa;4
Arellano;Calderon;3
Zapata;Casa Blanca;3
Zapata;Zapata;4
Zapata;Calderon;4
Zapata;Guadalajara;4
Zapata;Julian Zapata Espinoza;3
Zapata;Cinco;2
Zapata;Pascual;3
Zapata;Pinos;1
Zapata;Luis;4
Zapata;Enrique;4
Zapata;Julian Zapata;1
Beltran Leyva;Chihuahua;1
Beltran Leyva;Garcia Luna;2
Beltran Leyva;Sinaloa;4
Beltran Leyva;Pedro;3
Beltran Leyva;Tres Marias;3
Beltran Leyva;Texas;3
Beltran Leyva;Vicente;1
Beltran Leyva;Casa Blanca;3
Beltran Leyva;Mayo;4
Beltran Leyva;Margarito Flores;3
Beltran Leyva;Garza;4
Beltran Leyva;Hope;3
Beltran Leyva;Zambada Garcia;4
Beltran Leyva;Marina;4
Beltran Leyva;Canicon Najera;4
Beltran Leyva;Huerta;4
Beltran Leyva;Calderon;4
Beltran Leyva;Francisco Saynez;2
Beltran Leyva;Angeles;3
Beltran Leyva;Almanza;4
Beltran Leyva;Chapo Guzman;3
Beltran Leyva;Guzman Loera;4
Beltran Leyva;Arturo Gonzalez Rodriguez;4
Beltran Leyva;Sauceda;4
Beltran Leyva;Washington;3
Beltran Leyva;Raymundo;4
Beltran Leyva;General;1
Beltran Leyva;Pinos;2
Beltran Leyva;Guillermo Galvan;2
Beltran Leyva;Mayo Zambada;3
Beltran Leyva;Mayor;2
Beltran Leyva;Vicente Zambada Niebla;4
Chapo;Partido;3
Chapo;Washington;1
Chapo;Loya;4
Chapo;China;1
Chapo;Chapo Guzman;4
Chapo;Calderon;3
Palacio;Juan Camilo;4
Palacio;Genaro Garcia Luna;1
Palacio;Manuel;2
Palacio;Ruiz;4
Palacio;Naranjo;3
Palacio;Gobierno;4
Palacio;Loya;2
Palacio;Lazaro;4
Palacio;Berlin;1
Palacio;Zavala;2
Palacio;Chapo Guzman;2
Palacio;Calderon;4
Palacio;Uribe;1
Palacio;Dennis;4
Palacio;Mayor;4
Cristiana;Angela;4
Nuevo Leon;Garcia Luna;2
Nuevo Leon;Barbie;2
Nuevo Leon;Pedro Garza;3
Nuevo Leon;Sinaloa;2
Nuevo Leon;Nuevo Vallarta;2
Nuevo Leon;Chihuahua;2
Nuevo Leon;Eduardo Almanza;1
Nuevo Leon;Dias;2
Nuevo Leon;Texas;2
Nuevo Leon;Martha Guillen Moreno;4
Nuevo Leon;Francisco Saynez;2
Nuevo Leon;Eduardo;4
Nuevo Leon;Pinos;1
Nuevo Leon;Rogelio Cerda;4
Nuevo Leon;Gobierno;4
Nuevo Leon;Garza;1
Nuevo Leon;Nuevo Laredo;4
Nuevo Leon;California;2
Nuevo Leon;Zeferino Torreblanca;4
Nuevo Leon;Sonora;4
Nuevo Leon;Huerta;2
Nuevo Leon;Juarez;4
Nuevo Leon;Bruce Williamson;4
Nuevo Leon;Jose Manuel Radilla;4
Nuevo Leon;Guillermo Galvan;2
Nuevo Leon;Puma;2
Nuevo Leon;Lazaro Cardenas;4
Nuevo Leon;Santa Catarina;4
Nuevo Leon;Moreno;1
Nuevo Leon;Chapo Guzman;2
Nuevo Leon;Tres;2
Nuevo Leon;Ricardo Almanza;2
Nuevo Leon;Durango;2
Nuevo Leon;General;2
Nuevo Leon;China;1
Nuevo Leon;Calderon;2
Nuevo Leon;Ramiro Calvillo;4
Arias;Patricio;4
Arias;Garcia Luna;3
Arias;Genaro Garcia Luna;1
Arias;Alejandro Rubido;4
Cristobal Garcia;Andrea Merlos;1
Cristobal Garcia;Javier Cardenas;4
Dias;Alejandro Rodriguez Meza;1
Dias;Sinaloa;1
Dias;Genaro Garcia Luna;3
Dias;Tomas;4
Dias;Garza;2
Dias;Zambada Garcia;4
Dias;Calderon;1
Dias;Zambada;1
Dias;Washington;1
Dias;Jesus;4
Dias;Virgen;1
Dias;Pinos;1
Dias;Vicente Carrillo;1
Texas;Puma;4
Texas;Barbie;4
Texas;Juan Montemayor;1
Texas;Sinaloa;2
Texas;Crisanto Perez;4
Texas;Valdez;3
Texas;Chihuahua;4
Texas;Casa Blanca;3
Texas;Nuevo Mexico;4
Texas;Guatemala;2
Texas;California;4
Texas;Marina;2
Texas;Garza;4
Texas;York;2
Texas;Montemayor;3
Texas;Arturo Beltran Leyva;3
Texas;Antonio;3
Texas;Tres;4
Texas;Washington;1
Texas;Crisanto;3
Texas;Bradley;2
Texas;Reynosa;4
Texas;Calderon;3
Texas;Perez;3
Texas;Corte;4
Benjamin;Manuel Aguirre Galindo;4
Benjamin;Pablo Escobar;4
Benjamin;Arellano Felix;2
Benjamin;Cuando;2
Benjamin;Ramon;3
Benjamin;Puebla;4
Benjamin;Leon Aragon;4
Benjamin;Jesus Labra Aviles;3
Benjamin;Sinaloa;2
Benjamin;Pinos;3
Benjamin;Liebano Saenz;1
Benjamin;Luis;1
Benjamin;Paez;2
Benjamin;Ernesto Zedillo;1
Tomas;Calderon;1
Tomas;Pinos;1
Jorge Madrazo;Alto;1
Jorge Madrazo;Madrazo;3
Jorge Madrazo;California;4
Blanco;Edgar Allan;1
Blanco;Nelson;3
Guatemala;Nuevo Mexico;2
Guatemala;Millan Gomez;2
Guatemala;Washington;3
Guatemala;Calderon;3
Guatemala;Garza;3
Guatemala;Peru;4
Guatemala;Espinosa;2
Guatemala;Millan;3
Guatemala;Guillermo Valdes;2
Rene Hilario Nieto;Arellano Felix;2
Rene Hilario Nieto;Sinaloa;1
Rene Hilario Nieto;Sonora;1
Rene Hilario Nieto;Juarez;4
Ernesto Zedillo;Perry;1
Ernesto Zedillo;Quintana;2
Ernesto Zedillo;Leon Aragon;1
Ernesto Zedillo;Liebano Saenz;4
Ernesto Zedillo;Vicente;4
Ernesto Zedillo;Norte;1
Ernesto Zedillo;William;1
Ernesto Zedillo;California;2
Ernesto Zedillo;Como;1
Ernesto Zedillo;Marina;2
Ernesto Zedillo;Luis;4
Ernesto Zedillo;Paez;1
Ernesto Zedillo;Nueva;4
Ernesto Zedillo;Alto;4
Ernesto Zedillo;Quesada;4
Ernesto Zedillo;Calderon;4
Ernesto Zedillo;Manuel Aguirre Galindo;1
Ernesto Zedillo;Enrique Cervantes Aguirre;1
Ernesto Zedillo;Jesus Labra Aviles;1
Ernesto Zedillo;Xochimilco;2
Ernesto Zedillo;Colorado;1
Ernesto Zedillo;General;2
Ernesto Zedillo;Pinos;3
Ernesto Zedillo;Benito Juarez;2
Luis;Castillo Peraza;4
Luis;Guadalajara;2
Luis;Leon Aragon;1
Luis;Liebano Saenz;4
Luis;Colosio;4
Luis;Manuel Aguirre Galindo;1
Luis;Casa Blanca;3
Luis;Julian Zapata Espinoza;1
Luis;Cinco;2
Luis;Francisco Ruiz Massieu;2
Luis;Paez;1
Luis;Julian Zapata;4
Luis;Pinos;3
Luis;Jesus Labra Aviles;1
Luis;Miguel Angel Granados Chapa;3
Luis;Tres;4
Luis;Washington;3
Luis;Calderon;4
Luis;Moreno;4
Luis;Enrique;2
Escuela;Omar Torrijos;3
Escuela;Salvador;4
Escuela;Panama;3
Escuela;Hugo;3
Escuela;Alma;3
Escuela;Manuel Antonio Noriega;3
Escuela;Leopoldo;3
Escuela;Argentina;3
Escuela;Arnulfo Romero;3
Luis Ernesto Derbez;Casa Blanca;3
Luis Ernesto Derbez;Calderon;4
Francisco Saynez;Garcia Luna;4
Francisco Saynez;General;4
Francisco Saynez;Pinos;4
Francisco Saynez;Guillermo Galvan;4
Francisco Saynez;Marina;2
Francisco Saynez;Nuevo Laredo;2
Ramirez Mandujano;Naranjo;2
Ramirez Mandujano;Gerardo Garay;3
Ramirez Mandujano;Garcia Luna;2
Ramirez Mandujano;Gutierrez;3
Ramirez Mandujano;Francisco Navarro;3
Ramirez Mandujano;Ricardo Gutierrez;4
Thomas;Camara;3
Thomas;Johnson;4
Thomas;David;4
Hugo Chavez;Chavez;3
Hugo Chavez;Fidel Castro;3
Hugo Chavez;Garza;4
Hugo Chavez;Calderon;3
Hugo Chavez;Raul;1
Roma;Carlos Castillo Peraza;1
Roma;Castillo Peraza;4
Roma;Victor Correa Racho;1
Roma;Felipe;2
Roma;Calderon;4
Ramirez Peyro;Jose;1
Ramirez Peyro;Vicente Carrillo Fuentes;2
Ramirez Peyro;Juarez;2
Ramirez Peyro;Villarreal;1
Ramirez Peyro;Eduardo Ramirez Peyro;2
Ramirez Peyro;York;1
Ramirez Peyro;Ginger Thompson;1
Ramirez Peyro;Ramirez Peyro;2
Ramirez Peyro;Miguel Angel;1
Elliot;Marshall;3
Elliot;Cuando;2
Elliot;Gallardo;3
Elliot;Chapo Guzman;2
Elliot;Graham;3
Elliot;Sinaloa;4
Cuando;Diego;2
Cuando;Chihuahua;1
Cuando;Garcia Luna;1
Cuando;Barbie;4
Cuando;Fraga;4
Cuando;Quintana;2
Cuando;Juan;2
Cuando;Sinaloa;4
Cuando;Joaquin;2
Cuando;Pinos;4
Cuando;Ramon;3
Cuando;Pablo Escobar;2
Cuando;Bosques;3
Cuando;Echeverria;1
Cuando;Mueller;3
Cuando;Casa Blanca;3
Cuando;Cinco;2
Cuando;Norte;3
Cuando;Mayo;4
Cuando;Loya;3
Cuando;Gallardo;1
Cuando;Zambada Niebla;1
Cuando;Pascual;4
Cuando;Juan Garcia Abrego;2
Cuando;Como;3
Cuando;Marina;3
Cuando;California;2
Cuando;Nieto;1
Cuando;Gortari;1
Cuando;Tampa;2
Cuando;Juarez;2
Cuando;Gilberto Higuera Guerrero;2
Cuando;Espinosa;1
Cuando;Calzada;4
Cuando;Reynosa;3
Cuando;Palma;2
Cuando;Guadalajara;4
Cuando;Teofilo Salinas;3
Cuando;Graham;1
Cuando;Lopez Portillo;1
Cuando;Houston;4
Cuando;Cardenas Guillen;2
Cuando;Washington;1
Cuando;Cerca;2
Cuando;Wall;4
Cuando;Siria;2
Cuando;Marshall;1
Cuando;Cuando;1
Cuando;Lopez Obrador;3
Cuando;General;4
Cuando;Salinas;1
Cuando;Sonora;2
Cuando;Paso;2
Cuando;Perez;2
Cuando;Calderon;1
Cuando;Durango;1
Cuando;Morelia;4
Cuando;Arellano Felix;4
Cuando;Chapo Guzman;2
Raymundo;Sauceda;4
Raymundo;Sinaloa;4
Raymundo;Almanza;4
Raymundo;Vicente Zambada Niebla;4
Raymundo;Canicon Najera;4
Raymundo;Huerta;4
Calderon;Crisanto Perez;1
Calderon;Nuevo Vallarta;4
Calderon;Chihuahua;3
Calderon;Francisco Ramirez;4
Calderon;Cartagena;4
Calderon;Debo;4
Calderon;Vicente;4
Calderon;Lazaro;4
Calderon;Sacramento;1
Calderon;Julian Zapata Espinoza;3
Calderon;Cinco;1
Calderon;Zavala;4
Calderon;Ruiz;2
Calderon;Hombre;1
Calderon;Delgado;1
Calderon;Alto;3
Calderon;Juarez;4
Calderon;Gabriela Rojas;2
Calderon;Victor Correa Racho;1
Calderon;Creel;4
Calderon;Jalisco;4
Calderon;Miguel Angel Granados Chapa;3
Calderon;Jacobson;3
Calderon;Juan Ignacio Zavala;4
Calderon;Miguel Aleman;4
Calderon;Arturo Gonzalez Rodriguez;4
Calderon;Marta Sahagun;3
Calderon;Cardenas Guillen;4
Calderon;Angel;4
Calderon;Siria;4
Calderon;Fidel Castro;1
Calderon;Washington;1
Calderon;Francisco Rojas Gutierrez;2
Calderon;Guadalajara;1
Calderon;Calderon;4
Calderon;Bravo;1
Calderon;Francis Scott Fitzgerald;2
Calderon;Castillo Peraza;4
Calderon;Carlos Fuentes;4
Calderon;German Martinez;4
Calderon;Sinaloa;3
Calderon;Joseph;4
Calderon;Jesus Reyes;1
Calderon;Peru;4
Calderon;Guillermo Valdes;3
Calderon;Luis Gabriel;3
Calderon;Casa Blanca;3
Calderon;Cuba;4
Calderon;Ramiro Calvillo;1
Calderon;Eduardo;2
Calderon;Gobierno;3
Calderon;Berlin;4
Calderon;Vega;4
Calderon;China;1
Calderon;Holder;1
Calderon;Zeferino Torreblanca;2
Calderon;Sonora;2
Calderon;Julian Zapata;3
Calderon;Pinos;4
Calderon;Bruce Williamson;2
Calderon;Aguilar;4
Calderon;Santiago Creel;3
Calderon;Calle;4
Calderon;Calzada;1
Calderon;Santa Catarina;1
Calderon;Cordero;4
Calderon;Moreno;2
Calderon;Tres;3
Calderon;Camara;4
Calderon;Carlos Castillo Peraza;2
Calderon;Gerardo Garay;1
Calderon;Felipe;3
Calderon;Guerra;3
Calderon;Madrid;4
Calderon;Durante;1
Calderon;Laura;2
Calderon;Austria;4
Calderon;Lazaro Cardenas;2
Calderon;Veracruz;3
Calderon;Morelia;1
Calderon;Mayor;1
Calderon;Juan Camilo;3
Calderon;Efrain Gonzalez Morfin;4
Calderon;Barbie;2
Calderon;Quintana;2
Calderon;Genaro Garcia Luna;3
Calderon;Edgar Millan Gomez;1
Calderon;Vale;2
Calderon;Calderon Hinojosa;3
Calderon;Margarita Zavala;1
Calderon;Torre;2
Calderon;Chavez;1
Calderon;Mariano Francisco Saynez Mendoza;2
Calderon;Partido;3
Calderon;Norte;1
Calderon;Loya;2
Calderon;Colosio;4
Calderon;Roberto Madrazo;2
Calderon;Garza;2
Calderon;Maria Davila;1
Calderon;Como;1
Calderon;Sancho;4
Calderon;Francisco Ruiz Massieu;2
Calderon;Nieto;4
Calderon;Restrepo;2
Calderon;Margarita;4
Calderon;Raul;3
Calderon;Manuel;2
Calderon;Jose Manuel Radilla;1
Calderon;Espinosa;4
Calderon;Tandy;2
Calderon;Cesar Nava;3
Calderon;Villas;4
Calderon;Alejandra Sota;4
Calderon;Marina;2
Calderon;Colorado;1
Calderon;Wall;2
Calderon;Lopez Obrador;1
Calderon;Luis Calderon;4
Calderon;Nava;4
Calderon;General;1
Calderon;Martinez;4
Calderon;Tello Peon;2
Calderon;Francisco Navarro;1
Calderon;Virgen;3
Calderon;Guillermo Galvan;1
Calderon;Enrique;1
Calderon;Garcia Luna;2
Calderon;Morales;2
Calderon;Guanajuato;2
Calderon;Mariano Otero;3
Calderon;Star;3
Calderon;Gutierrez;1
Calderon;Navidad;2
Calderon;Mueller;2
Calderon;Francisco;1
Calderon;Vivanco;4
Calderon;Fiesta;3
Calderon;Dionisio Perez Jacome;4
Calderon;Maximiliano Cortazar;4
Calderon;Pascual;2
Calderon;Roberta Jacobson;4
Calderon;Cardenas;2
Calderon;Josefina Vazquez;2
Calderon;Naranjo;3
Calderon;Nuevo Mexico;1
Calderon;California;2
Calderon;Medina;3
Calderon;Lagard;4
Calderon;Luisa Maria;3
Calderon;Elliot Ness;4
Calderon;Galvan;4
Calderon;Martha Guillen Moreno;1
Calderon;Jorge Tello Peon;2
Calderon;Durango;3
Calderon;Ante;4
Calderon;Juan Manuel Santos;1
Calderon;Campeche;4
Calderon;Hacienda;2
Calderon;Uribe;1
Calderon;Andrews;4
Calderon;Dennis;4
Calderon;Hospicio;4
Calderon;Chapo Guzman;2
Xicotencatl;Rafa Leal;3
Xicotencatl;Salas;3
Xicotencatl;Veracruz;4
Xicotencatl;Victor Manuel Perez Rocha;2
Lomas;Valdez;4
Lomas;Bosques;4
Enrique Camarena;Sonora;4
Enrique Camarena;Guadalajara;4
Alejandro Rodriguez Meza;Vicente Carrillo;4
Alejandro Rodriguez Meza;Juarez;2
Eduardo Ramirez Peyro;Raul Bencomo;1
Guadalajara;Culiacan;4
Guadalajara;Guadalajara;2
Guadalajara;Julian Zapata Espinoza;1
Guadalajara;Norte;4
Guadalajara;Arellano Felix;2
Guadalajara;Ramon;2
Guadalajara;Francisco Ramirez;1
Guadalajara;Pascual;4
Guadalajara;Avila Beltran;3
Guadalajara;Sonora;4
Guadalajara;Juarez;4
Guadalajara;Jalisco;1
Guadalajara;Chapo Guzman;2
Guadalajara;Camara;2
Guadalajara;Marshall;2
Guadalajara;Washington;2
Guadalajara;Durante;4
Guadalajara;Pinos;2
Guadalajara;Garza;1
Guadalajara;Enrique;4
Francisco Rojas Gutierrez;Vivanco;2
Francisco Rojas Gutierrez;Washington;3
Francisco Rojas Gutierrez;Gabriela Rojas;4
Francisco Rojas Gutierrez;Pascual;4
Francisco Rojas Gutierrez;Enrique;3
Francisco Rojas Gutierrez;Nieto;3
Francisco Rojas Gutierrez;Camara;4
Leon Aragon;Manuel Aguirre Galindo;4
Leon Aragon;Jesus Labra Aviles;4
Leon Aragon;Pinos;2
Leon Aragon;Paez;4
Leon Aragon;Liebano Saenz;1
Tres Marias;Barbie;2
Tres Marias;York;3
Tres Marias;Morelos;3
Tres Marias;Tomas Angeles;1
Morales;Casa Blanca;2
Morales;Juarez;4
Morales;Washington;4
Morales;General;4
Morales;Morales;3
Guillermo Valdes;Nava;3
Guillermo Valdes;Carlos Castillo Peraza;3
Guillermo Valdes;Alejandra Sota;3
Guillermo Valdes;Cordero;3
Guillermo Valdes;Aguilar;3
Guillermo Valdes;Juan Ignacio Zavala;3
Guillermo Valdes;Dionisio Perez Jacome;3
Guillermo Valdes;Martinez;3
Guillermo Valdes;Margarita;3
Guillermo Valdes;Maximiliano Cortazar;3
Armando;Rosas;4
Armando;Gallardo;2
Villarreal;Jose;4
Villarreal;Juarez;1
Villarreal;York;4
Villarreal;Ginger Thompson;4
Villarreal;Miguel Angel;4
William;Enrique Cervantes Aguirre;4
William;Perry;4
China;Norte;2
China;Washington;4
China;Berlin;4
China;China;3
China;California;1
China;Libia;2
China;Tres;3
China;Juarez;1
Dios;Felipe;4
Dios;Tres;1
Dios;Washington;1
Plaza;Mayolo Lopez;2
Plaza;Emiliano Ruiz Parra;1
Plaza;Miguel Angel Granados Chapa;4
Cuba;Fidel Castro;3
Cuba;Marina;1
Felipe;Castillo Peraza;2
Felipe;Luis Gabriel;4
Felipe;Luisa Maria;4
Felipe;Partido;4
Felipe;Victor Correa Racho;3
Felipe;Luis Calderon;2
Felipe;Washington;1
Felipe;Vega;3
Felipe;Calderon Hinojosa;2
Felipe;Tres;1
Elliot Ness;Torre;2
Elliot Ness;Elliot Ness;4
Carmen Hinojosa;Luis Calderon;2
Carmen Hinojosa;Vega;2
Carmen Hinojosa;Morelia;4
Victor Manuel Perez Rocha;Rafa Leal;3
Victor Manuel Perez Rocha;Salas;3
Victor Manuel Perez Rocha;Veracruz;2
Tabaco;Casa Blanca;2
Tabaco;Virgen;4
Galvan;Garcia Luna;4
Galvan;Sinaloa;3
Galvan;Genaro Garcia Luna;4
Galvan;Chapo Guzman;4
Galvan;Mariano Francisco Saynez Mendoza;2
Galvan;Norte;3
Galvan;Garza;4
Galvan;Roberta Jacobson;1
Galvan;Pascual;2
Galvan;Nieto;1
Galvan;Holder;1
Galvan;Juarez;2
Galvan;Marina;2
Galvan;Villas;2
Galvan;Guerra;3
Galvan;Washington;1
Galvan;Durango;3
Galvan;Tello Peon;2
Galvan;Guillermo Galvan;1
Galvan;Enrique;1
Galvan;Dennis;1
Galvan;Mayor;1
Guerra;Panama;4
Guerra;Orioles;1
Guerra;Cardenas;3
Guerra;Mariano Francisco Saynez Mendoza;1
Guerra;Eduardo;2
Guerra;Rosas;1
Guerra;Gallardo;3
Guerra;Lazaro;3
Guerra;Marina;1
Guerra;Bruce Williamson;4
Guerra;Manuel Avila Camacho;4
Guerra;Lazaro Cardenas;2
Guerra;Moreno;4
Guerra;Baltimore;1
Guerra;Durante;1
Guerra;Guillermo Galvan;2
Guerra;Mayor;2
Madrid;Juan Camilo;4
Madrid;Campeche;4
Madrid;German Martinez;2
Madrid;Cesar Nava;3
Madrid;Camara;4
Paso;Houston;4
Paso;Juarez;4
Paso;Diego;4
Paso;Raul Bencomo;2
Paso;Juan;4
Paso;Joaquin;4
Paso;Chapo Guzman;4
Paso;Tampa;4
Leyva;Washington;3
Leyva;Sinaloa;4
Ocho;Pascual;4
Durante;Juarez;4
Durante;Marshall;2
Durante;Culiacan;4
Durante;Rosas;4
Durante;Gallardo;2
Durante;Bradley;3
Durante;Camara;2
Durante;Baltimore;1
Durante;York;3
Jesus;Sinaloa;1
Jesus;Genaro Garcia Luna;3
Jesus;Zambada;1
Jesus;Zambada Garcia;4
Alejandro Rubido;Patricio;4
Alejandro Rubido;Garcia Luna;3
Alejandro Rubido;Genaro Garcia Luna;1
Norte;Jacobson;3
Norte;Castillo;3
Norte;Libia;4
Norte;Margarita Zavala;1
Norte;Vicente;1
Norte;Norte;3
Norte;Francisco Ramirez;3
Norte;Berlin;2
Norte;Garza;1
Norte;Roberta Jacobson;4
Norte;Pascual;3
Norte;Nueva;1
Norte;Quesada;1
Norte;Marina;4
Norte;Espinosa;4
Norte;Fernando;4
Norte;Oriente;4
Norte;Chapo Guzman;1
Norte;Casa Blanca;4
Norte;Colorado;4
Norte;Washington;3
Norte;Restrepo;3
Norte;Pinos;4
Norte;Hacienda;4
Norte;Dennis;4
David;Arellano Felix;3
David;Loya;2
David;Zambada Niebla;1
David;California;2
David;Paez;2
David;Sonora;2
David;Seis;2
David;Johnson;4
David;Paez Martinez;4
David;Chapo Guzman;3
David;Ismael;3
David;Camara;3
David;Washington;4
David;Mayo Zambada;3
David;Vicente Zambada Niebla;3
Chihuahua;Sinaloa;4
Chihuahua;Francisco Castillo;4
Chihuahua;Vicente;3
Chihuahua;Martha Guillen Moreno;2
Chihuahua;Ramiro Calvillo;2
Chihuahua;California;4
Chihuahua;Pascual;4
Chihuahua;Jose Antonio Acosta Hernandez;4
Chihuahua;Caminos;1
Chihuahua;Juarez;1
Chihuahua;Jose Manuel Radilla;2
Chihuahua;Santa Catarina;2
Chihuahua;Villas;3
Chihuahua;Arturo Gonzalez Rodriguez;1
Chihuahua;Durango;4
Chihuahua;General;4
Chihuahua;Luis Antonio;1
Chihuahua;Pinos;3
Chihuahua;Veracruz;4
Fraga;Manuel Fraga;4
Fraga;Mayo;4
Fraga;Washington;4
Fraga;Loya;1
Fraga;Zambada Niebla;2
Sota;Nava;4
Sota;Martinez;4
Sota;Cordero;4
Sota;Josefina Vazquez;1
Hugo;Salvador;3
Hugo;Omar Torrijos;4
Hugo;Panama;4
Hugo;Manuel Antonio Noriega;4
Hugo;Arnulfo Romero;2
Hugo;Leopoldo;4
Hugo;Argentina;4
Hugo;Alma;2
Poza;Rafa Diaz;4
Poza;Tierra Blanca;3
Poza;Salas;1
Poza;Alvarado;3
Poza;Cesareo;4
Poza;Veracruz;3
Gallardo;Gallardo;2
Gallardo;Washington;4
Gallardo;Marshall;4
Gallardo;Baltimore;3
Gallardo;Rosas;2
Gallardo;Graham;4
Gallardo;Holder;2
Gallardo;Sinaloa;3
Gallardo;Chapo Guzman;3
Puerto Vallarta;Diego;2
Puerto Vallarta;Javier;4
Puerto Vallarta;Ramon;4
Puerto Vallarta;Robinson;1
Eduardo;Genaro Garcia Luna;4
Eduardo;Nuevo Vallarta;2
Eduardo;Sacramento;4
Eduardo;Medina;3
Eduardo;Lazaro Cardenas;4
Eduardo;Holder;4
Eduardo;Zeferino Torreblanca;4
Eduardo;Sonora;4
Eduardo;Bruce Williamson;2
Eduardo;Jorge Tello Peon;4
Eduardo;Moreno;2
Eduardo;Marshall;1
Eduardo;Washington;4
Eduardo;Graham;1
Vale;Garza;1
Vale;Pascual;1
Vale;Francis Scott Fitzgerald;4
Margarito;Pedro;4
Margarito;Alfredo Guzman;2
Margarito;Sinaloa;2
Margarito;Chapo Guzman;2
Garza;Garcia Luna;2
Garza;Roberto Madrazo;2
Garza;German Martinez;1
Garza;Sinaloa;3
Garza;Margarita Zavala;1
Garza;Navidad;4
Garza;Vicente;3
Garza;Chavez;3
Garza;Casa Blanca;3
Garza;Partido;3
Garza;Ramiro Calvillo;1
Garza;Lopez Obrador;1
Garza;Pascual;4
Garza;Hombre;2
Garza;Llamo;1
Garza;Garza;1
Garza;Pinos;4
Garza;Mueller;3
Garza;Jose Manuel Radilla;1
Garza;Raul;1
Garza;Santa Catarina;1
Garza;Martha Guillen Moreno;1
Garza;Marta Sahagun;3
Garza;Fidel Castro;3
Garza;Washington;4
Garza;Francis Scott Fitzgerald;1
Garza;Laura;2
Garza;General;4
Garza;Mayor;2
Sancho;Castillo Peraza;3
Sancho;Como;3
Sancho;Angel;4
Jesus Alfredo Guzman Salazar;Sinaloa;4
Jesus Alfredo Guzman Salazar;Joaquin;4
Jesus Alfredo Guzman Salazar;Jalisco;4
Jesus Alfredo Guzman Salazar;Chapo Guzman;4
Jesus Alfredo Guzman Salazar;Como;2
Jesus Alfredo Guzman Salazar;Marina;4
Jesus Alfredo Guzman Salazar;Jardines;3
Restrepo;Casa Blanca;4
Restrepo;Pinos;2
Restrepo;Roberta Jacobson;4
Margarita;Nava;4
Margarita;Carlos Castillo Peraza;2
Margarita;Alejandra Sota;4
Margarita;Aguilar;4
Margarita;Juan Ignacio Zavala;4
Margarita;Dionisio Perez Jacome;4
Margarita;Martinez;4
Margarita;Cordero;4
Margarita;Maximiliano Cortazar;4
Javier;Diego;2
Javier;Arellano Felix;2
Javier;Ramon;4
Javier;Ismael;4
Javier;Robinson;1
Como;Castillo Peraza;1
Como;Washington;4
Como;Jardines;3
Como;California;3
Como;Quintana;3
Como;Marina;3
Como;Chapo Guzman;4
Como;Angel;3
Como;Wall;3
Como;Guzman;2
Raul;Chavez;2
Raul;Partido;3
Raul;Fidel Castro;2
Jesus Labra Aviles;Manuel Aguirre Galindo;4
Jesus Labra Aviles;Arellano Felix;2
Jesus Labra Aviles;Pinos;2
Jesus Labra Aviles;Paez;4
Jesus Labra Aviles;Liebano Saenz;1
Chapo Guzman;Diego;4
Chapo Guzman;Barbie;4
Chapo Guzman;Juan;4
Chapo Guzman;Margarito Flores;4
Chapo Guzman;Joaquin;4
Chapo Guzman;Pedro;4
Chapo Guzman;Ramon;2
Chapo Guzman;Jardines;3
Chapo Guzman;Rogelio Cerda;2
Chapo Guzman;Hope;4
Chapo Guzman;Casa Blanca;2
Chapo Guzman;Gobierno;2
Chapo Guzman;Arellano Felix;4
Chapo Guzman;Loya;4
Chapo Guzman;Zambada Niebla;2
Chapo Guzman;California;3
Chapo Guzman;Zambada Garcia;3
Chapo Guzman;Marina;4
Chapo Guzman;Vicente Zambada Niebla;3
Chapo Guzman;Holder;3
Chapo Guzman;Tampa;4
Chapo Guzman;Huerta;4
Chapo Guzman;Bajo;4
Chapo Guzman;Arturo Beltran Leyva;1
Chapo Guzman;Angeles;2
Chapo Guzman;Jalisco;4
Chapo Guzman;Zambada;4
Chapo Guzman;Ismael;4
Chapo Guzman;Manuel;4
Chapo Guzman;Guzman Loera;3
Chapo Guzman;Sinaloa;1
Chapo Guzman;Houston;4
Chapo Guzman;Alfredo Guzman;4
Chapo Guzman;Tello Peon;2
Chapo Guzman;Mayo Zambada;4
Chapo Guzman;Marshall;3
Chapo Guzman;Washington;2
Chapo Guzman;Durango;2
Chapo Guzman;Guzman;2
Chapo Guzman;Felipe Cabrera Sarabia;3
Chapo Guzman;Sonora;1
Chapo Guzman;Perez;3
Chapo Guzman;Dennis;2
Chapo Guzman;Graham;3
Chapo Guzman;Mayo;3
Chapo Guzman;Chapo Guzman;3
Ismael;Casa Blanca;2
Ismael;Mayo Zambada;4
Ismael;Arellano Felix;2
Ismael;Barbie;4
Ismael;Loya;1
Ismael;Ramon;4
Ismael;Joaquin;4
Ismael;California;1
Ismael;Bajo;4
Ismael;Ismael;2
Ismael;Vicente Zambada Niebla;4
Ismael;Zambada Niebla;2
Ismael;Sinaloa;3
Ismael;Zambada;4
Edgar Allan;General;2
Edgar Allan;Nelson;2
Edgar Allan;Richard;2
Colorado;Vicente;1
Colorado;Washington;1
Colorado;Virginia;4
Colorado;Quesada;1
Colorado;Sinaloa;2
Colorado;Bravo;4
Colorado;Nueva;1
Carlos Slim;Casa Blanca;2
Carlos Slim;Gabriela Rojas;1
Carlos Slim;Fernando;4
Carlos Slim;Claudia Talancon;4
Carlos Slim;Carlos Santana;3
Carlos Slim;George Lopez;4
Carlos Slim;Oregon;3
Carlos Slim;Pinos;1
Carlos Slim;Longoria;4
Crisanto;Bradley;3
Crisanto;York;3
Crisanto;Marina;1
Crisanto;Perez;4
Crisanto;Corte;3
Emigdio Garcia;Victor Fuentes;4
Emigdio Garcia;Emigdio Garcia;2
Guzman;Juarez;3
Guzman;Caminos;3
Guzman;Marina;1
Guzman;Jalisco;4
Guzman;Jardines;1
Felipe Cabrera Sarabia;Zambada Niebla;4
Virgen;Casa Blanca;2
Virgen;Villa;4
Virgen;Echeverria;1
Virgen;Enrique;1
Virgen;Salinas;1
Virgen;Nieto;1
Virgen;Gortari;1
Virgen;Lopez Portillo;1
Longoria;Casa Blanca;2
Longoria;Gabriela Rojas;1
Longoria;Fernando;4
Longoria;Carlos Santana;3
Longoria;George Lopez;4
Longoria;Oregon;3
Longoria;Pinos;1
Longoria;Claudia Talancon;4
Oval;Casa Blanca;2
Oval;Partido;2
Oval;Andrews;1
Oval;Oval;3
Oval;Camara;2
Vicente Carrillo;Juarez;2
Nicaragua;Moreno;4
Nicaragua;Peru;4
Diego;Diego;3
Diego;Juan;4
Diego;Sinaloa;4
Diego;Manuel;3
Diego;Joaquin;4
Diego;Francisco;4
Diego;Arellano Felix;1
Diego;Ramon;2
Diego;California;4
Diego;Paez;4
Diego;Tampa;4
Diego;Paez Martinez;4
Diego;Angeles;4
Diego;Houston;4
Guillermo Galvan;Garcia Luna;4
Guillermo Galvan;Pinos;4
Guillermo Galvan;Marina;2
Guillermo Galvan;Mayor;4
Guillermo Galvan;Nuevo Laredo;2
Richard;General;4
Marcos;Carlos Castillo Peraza;1
Marcos;Chavez;2
Marcos;Rodriguez;3
Marcos;Luis Gabriel;4
Marcos;Luisa Maria;4
Marcos;Pablo Milanes;3
Juan Montemayor;Roberto Lopez;4
Juan Montemayor;Montemayor;1
Juan Montemayor;Arturo Beltran Leyva;1
Juan Montemayor;Barbie;1
Juan Montemayor;Valdez;1
Juan Montemayor;Ruben Hernandez;4
Manuel Antonio Noriega;Salvador;3
Manuel Antonio Noriega;Omar Torrijos;4
Manuel Antonio Noriega;Panama;4
Manuel Antonio Noriega;Arnulfo Romero;2
Manuel Antonio Noriega;Leopoldo;4
Manuel Antonio Noriega;Argentina;4
Manuel Antonio Noriega;Alma;2
Robinson;Ramon;1
Main;Vista;4
Mueller;Mueller;1
Mueller;Garcia Luna;4
Mueller;Corazon;1
Mueller;Sinaloa;4
Mueller;Estrella;1
G端ero Palma;Arellano Felix;4
G端ero Palma;Cardenas Guillen;1
G端ero Palma;Mayel;4
G端ero Palma;Sinaloa;4
Rosas;Marshall;4
Rosas;Washington;4
Rosas;Graham;4
Rosas;Baltimore;1
Estrella;Corazon;4
Pascual;Vista;3
Pascual;Garcia Luna;2
Pascual;Peru;3
Pascual;Guanajuato;1
Pascual;Gabriela Rojas;4
Pascual;Genaro Garcia Luna;2
Pascual;Grande Barragan;1
Pascual;Pinos;2
Pascual;Gutierrez;1
Pascual;Sinaloa;1
Pascual;Casa Blanca;1
Pascual;Hacienda;2
Pascual;Vivanco;2
Pascual;Fiesta;3
Pascual;Ignacio Coronel;1
Pascual;Oregon;1
Pascual;Cinco;4
Pascual;Carlos Santana;1
Pascual;Hombre;2
Pascual;Marina;1
Pascual;Nieto;1
Pascual;Pascual;1
Pascual;Juarez;3
Pascual;Washington;2
Pascual;Espinosa;3
Pascual;Grandes;1
Pascual;Edgar;1
Pascual;Villas;2
Pascual;Star;4
Pascual;Camara;4
Pascual;Siria;3
Pascual;Jorge;4
Pascual;General;1
Pascual;Avila Beltran;3
Pascual;Arturo Beltran;1
Pascual;Andrews;4
Pascual;Enrique;3
Pascual;Dennis;3
Pascual;Francis Scott Fitzgerald;1
Avila Beltran;Washington;1
Avila Beltran;Pinos;1
Nueva;Vicente;4
Nueva;Quesada;4
Nueva;General;3
Nueva;Marina;3
Seis;Paez Martinez;2
Seis;Arellano Felix;1
Seis;Paez;4
Puebla;Arellano Felix;3
Puebla;Paez;2
Puebla;Ramon;4
Vega;Castillo Peraza;1
Vega;Luis Gabriel;3
Vega;Partido;3
Vega;Victor Correa Racho;3
Vega;Luisa Maria;3
Vega;Luis Calderon;4
Vega;Morelia;2
Vega;Calderon Hinojosa;3
Zambada;Zambada Garcia;1
Zambada;Sinaloa;4
Zambada;Genaro Garcia Luna;2
Zambada;Joaquin;4
Zambada;Bajo;4
Zambada;Zambada Niebla;2
Zambada;Mayo Zambada;4
Consuegra;Washington;4
Consuegra;Juan;4
Consuegra;Gomez;1
Consuegra;Juan Vicente Gomez;2
Consuegra;Consuegra;2
Maximiliano Cortazar;Nava;4
Maximiliano Cortazar;Carlos Castillo Peraza;2
Maximiliano Cortazar;Alejandra Sota;4
Maximiliano Cortazar;Juan Camilo;3
Maximiliano Cortazar;Aguilar;4
Maximiliano Cortazar;Juan Ignacio Zavala;4
Maximiliano Cortazar;Dionisio Perez Jacome;4
Maximiliano Cortazar;Martinez;4
Maximiliano Cortazar;Cordero;4
Maximiliano Cortazar;Pinos;1
Lopez Portillo;Echeverria;4
Lopez Portillo;Laura;2
Lopez Portillo;Salinas;4
Lopez Portillo;Nieto;4
Lopez Portillo;Gortari;4
Sauceda;Sinaloa;4
Sauceda;Almanza;4
Sauceda;Vicente Zambada Niebla;4
Sauceda;Canicon Najera;4
Sauceda;Huerta;4
Juan Manuel Santos;Tandy;3
Cesareo;Rafa Diaz;4
Cesareo;Tierra Blanca;3
Cesareo;Salas;1
Cesareo;Alvarado;3
Cesareo;Veracruz;3
Mayo Zambada;Pedro;4
Mayo Zambada;Barbie;4
Mayo Zambada;Sinaloa;3
Mayo Zambada;Margarito Flores;4
Mayo Zambada;Joaquin;4
Mayo Zambada;Hope;4
Mayo Zambada;Casa Blanca;2
Mayo Zambada;Mayo;3
Mayo Zambada;Loya;1
Mayo Zambada;Zambada Niebla;2
Mayo Zambada;California;1
Mayo Zambada;Bajo;4
Mayo Zambada;Zambada Garcia;3
Mayo Zambada;Vicente Zambada Niebla;3
Mayo Zambada;Angeles;2
Mayo Zambada;Guzman Loera;3
Mayo Zambada;Washington;2
Mayo Zambada;Arellano Felix;3
Hospicio;Mariano Otero;3
Rafa Diaz;Tierra Blanca;3
Rafa Diaz;Salas;1
Rafa Diaz;Alvarado;3
Rafa Diaz;Veracruz;3
Pedro Garza;Washington;1
Pedro Garza;Moreno;2
Jacobson;Espinosa;2
Jacobson;Jacobson;2
Jacobson;Washington;4
Jacobson;Roberta Jacobson;3
Grande Barragan;Arturo Beltran;4
Grande Barragan;Grandes;4
Grande Barragan;Edgar;4
Grande Barragan;Ignacio Coronel;4
Nuevo Vallarta;Lazaro Cardenas;2
Nuevo Vallarta;Zeferino Torreblanca;2
Nuevo Vallarta;Sonora;2
Nuevo Vallarta;Cardenas;2
Alvarado;Tierra Blanca;4
Alvarado;Veracruz;4
Hill;Colina;4
Libia;Berlin;2
Bosques;Silla;4
Bosques;Valdez;4
Bosques;Reynosa;4
Bosques;Teofilo Salinas;4
Bosques;Marina;4
Bosques;Cerro;4
Echeverria;Salinas;4
Echeverria;Nieto;4
Echeverria;Gortari;4
Zambada Niebla;Washington;2
Zambada Niebla;Sinaloa;2
Zambada Niebla;Joaquin;2
Zambada Niebla;Manuel Fraga;2
Zambada Niebla;Arellano Felix;1
Zambada Niebla;Loya;1
Zambada Niebla;Zambada Niebla;1
Zambada Niebla;California;1
Zambada Niebla;Bajo;2
Zambada Niebla;Vicente Zambada Niebla;2
Zambada Niebla;Fuentes;1
Zambada Niebla;Mayo;2
Freeman;Casa Blanca;3
Freeman;Washington;3
Freeman;Mexicano;3
Freeman;Margarita Zavala;1
Sacramento;Francisco;4
Sacramento;Medina;3
Sacramento;Genaro Garcia Luna;4
Sacramento;Jorge Tello Peon;4
Sacramento;Jalisco;2
Sacramento;Pinos;4
Sacramento;Francisco Ramirez;2
Juan Arturo Esparza Garcia;Ricardo Almanza;4
Julian Zapata Espinoza;Cinco;3
Julian Zapata Espinoza;Veracruz;4
Julian Zapata Espinoza;Enrique;1
Cinco;Houston;2
Cinco;Casa Blanca;1
Cinco;Villas;4
Cinco;Pinos;4
Cinco;Veracruz;1
Madrazo;California;3
York;Jose;4
York;Casa Blanca;4
York;Juarez;1
York;Angeles;4
York;Ginger Thompson;4
York;Miguel Angel;4
York;Camara;3
York;Corte;2
York;Washington;4
York;Bradley;4
York;Perez;3
York;Morelos;4
Paez;Liebano Saenz;1
Paez;Manuel Aguirre Galindo;4
Paez;Arellano Felix;1
Paez;Ramon;2
Paez;Paez;2
Paez;Paez Martinez;2
Paez;Pinos;1
Montemayor;Roberto Lopez;1
Montemayor;Arturo Beltran Leyva;4
Montemayor;Barbie;3
Montemayor;Valdez;4
Montemayor;Ruben Hernandez;1
Juarez;Jose;1
Juarez;Gabriela Rojas;4
Juarez;Culiacan;4
Juarez;Genaro Garcia Luna;2
Juarez;Acosta Hernandez;2
Juarez;Francisco Castillo;1
Juarez;Tres;2
Juarez;Washington;2
Juarez;Manuel Fraga;4
Juarez;Casa Blanca;1
Juarez;Arellano Felix;2
Juarez;Loya;4
Juarez;Palma;4
Juarez;California;3
Juarez;Jose Antonio Acosta Hernandez;4
Juarez;Sonora;1
Juarez;Caminos;3
Juarez;Alto;1
Juarez;Vicente Carrillo Fuentes;4
Juarez;Juarez;4
Juarez;Arturo Beltran Leyva;4
Juarez;Santiago Creel;1
Juarez;Jalisco;3
Juarez;Sinaloa;1
Juarez;Ginger Thompson;1
Juarez;Star;2
Juarez;Miguel Angel;1
Juarez;Camara;2
Juarez;Carlos Castillo Peraza;2
Juarez;Creel;2
Juarez;Cardenas Guillen;4
Juarez;Raul Bencomo;2
Juarez;Marshall;2
Juarez;Juan Garcia Abrego;4
Juarez;General;3
Juarez;Luis Antonio;4
Juarez;Maria Davila;1
Juarez;Pinos;4
Juarez;Villas;4
Carlos Julio Avila;Nelson Vargas Rueda;3
Jalisco;Francisco Ramirez;4
Jalisco;Genaro Garcia Luna;2
Jalisco;Joaquin;4
Jalisco;Jalisco;1
Jalisco;Caminos;3
Jalisco;Marina;4
Jalisco;Sinaloa;4
Teofilo Salinas;Reynosa;4
Teofilo Salinas;Marina;4
Ginger Thompson;Jose;4
Ginger Thompson;Miguel Angel;4
Miguel Angel;Jose;4
Miguel Angel;Miguel Angel;2
Jesus Gutierrez Rebollo;Carlos Salinas;3
Jesus Gutierrez Rebollo;Jorge;3
Jesus Gutierrez Rebollo;Casablanca;4
Marta Sahagun;Margarita Zavala;3
Angel;Castillo Peraza;3
Cerca;Casa Blanca;3
Cerca;Lopez Obrador;3
Cerca;Washington;3
Cerca;Espinosa;4
Cerca;Nieto;3
Abelardo Rodriguez;Lazaro Cardenas;4
Washington;Marshall;4
Washington;Mexicano;4
Washington;Edgar Millan Gomez;1
Washington;Orioles;1
Washington;Margarito Flores;2
Washington;Zambada Garcia;3
Washington;Marina;2
Washington;Alto;4
Washington;Guzman Loera;3
Washington;Bravo;1
Washington;Gabriela Rojas;3
Washington;Pinos;4
Washington;Carlos Fuentes;4
Washington;German Martinez;1
Washington;Sinaloa;2
Washington;Jesus Reyes;1
Washington;Cardenas;1
Washington;Manuel Fraga;4
Washington;Casa Blanca;4
Washington;Hacienda;2
Washington;Holder;4
Washington;Sonora;2
Washington;Julian Zapata;3
Washington;Calle;4
Washington;Washington;2
Washington;Cordero;4
Washington;Tres;3
Washington;Camara;3
Washington;Lazaro Cardenas;4
Washington;Gomez;1
Washington;Mayor;4
Washington;Pedro;2
Washington;Juan;4
Washington;Carlos Salinas;4
Washington;Margarita Zavala;2
Washington;Star;2
Washington;Loya;1
Washington;Emilio Lozoya;4
Washington;Graham;4
Washington;Nieto;4
Washington;Gortari;4
Washington;Espinosa;4
Washington;Bauer;4
Washington;Lopez Obrador;4
Washington;Leon;2
Washington;General;2
Washington;Enrique;4
Washington;Vista;4
Washington;Garcia Luna;2
Washington;Hope;2
Washington;Vivanco;1
Washington;Mayo;3
Washington;Jorge;4
Washington;Roberta Jacobson;3
Washington;Lagard;2
Washington;Angeles;2
Washington;Vicente Zambada Niebla;3
Washington;Juan Vicente Gomez;2
Washington;Baltimore;3
Washington;Morelia;1
Washington;Reynosa;1
Washington;Andrews;4
Washington;Arellano Felix;4
Washington;Luis Videgaray;4
Wall;Quintana;2
Wall;California;2
Pablo Milanes;Chavez;3
Pablo Milanes;Rodriguez;4
Pablo Milanes;Luis Gabriel;3
Pablo Milanes;Luisa Maria;3
Perez;Crisanto Perez;3
Perez;Loya;3
Perez;Sinaloa;4
Perez;Bradley;3
Perez;California;2
Perez;Joaquin;3
Perez;Marina;1
Perez;Tres;4
Perez;Antonio;4
Perez;Corte;3
Patricio;Garcia Luna;3
Patricio;Genaro Garcia Luna;1
Carlos Fuentes;Calle;4
Andrea Merlos;Javier Cardenas;1
Eduardo Serrano;Ford Mexico;4
Eduardo Serrano;Fiesta;1
Eduardo Serrano;Enrique;4
Eduardo Serrano;Nieto;4
George Lopez;Casa Blanca;2
George Lopez;Gabriela Rojas;1
George Lopez;Fernando;4
George Lopez;Claudia Talancon;4
George Lopez;Carlos Santana;3
George Lopez;Oregon;3
George Lopez;Pinos;1
Orioles;Baltimore;4
Orioles;Hope;1
Roberto Lopez;Arturo Beltran Leyva;1
Roberto Lopez;Valdez;1
Roberto Lopez;Ruben Hernandez;4
Casa Blanca;Mexicano;4
Casa Blanca;Daniel;2
Casa Blanca;Vicente;4
Casa Blanca;Claudia Talancon;2
Casa Blanca;Bourne;4
Casa Blanca;Debia;2
Casa Blanca;German Martinez;4
Casa Blanca;Casa Blanca;1
Casa Blanca;Oregon;1
Casa Blanca;Julian Zapata;1
Casa Blanca;Pinos;2
Casa Blanca;Bill;4
Casa Blanca;Tres;1
Casa Blanca;Camara;2
Casa Blanca;Gabriela Rojas;3
Casa Blanca;Laura;2
Casa Blanca;Mayor;3
Casa Blanca;Barbie;2
Casa Blanca;Joaquin;2
Casa Blanca;Margarita Zavala;2
Casa Blanca;Partido;2
Casa Blanca;Carlos Santana;1
Casa Blanca;Nieto;4
Casa Blanca;Espinosa;3
Casa Blanca;Lopez Obrador;2
Casa Blanca;General;3
Casa Blanca;Enrique;2
Casa Blanca;Garcia Luna;1
Casa Blanca;Jeffrey;4
Casa Blanca;Andrews;1
Casa Blanca;Roberta Jacobson;4
Casa Blanca;Fernando;2
Casa Blanca;Angeles;4
Casa Blanca;Carter;4
Casa Blanca;Dennis;4
Oregon;Gabriela Rojas;2
Oregon;Fernando;3
Oregon;Claudia Talancon;3
Oregon;Carlos Santana;4
Oregon;Pinos;2
Rogelio Cerda;Barbie;2
Rogelio Cerda;Sinaloa;1
Rogelio Cerda;Gobierno;4
Rogelio Cerda;Rogelio Cerda;1
Rogelio Cerda;Huerta;2
Lazaro;Lazaro Cardenas;3
Lazaro;Manuel Avila Camacho;3
Lazaro;Cardenas;4
Berlin;Ruiz;1
Nuevo Laredo;Pinos;2
Nuevo Laredo;Garcia Luna;2
Bajo;Sinaloa;4
Bajo;Joaquin;4
Julian Zapata;Pinos;1
Julian Zapata;Tres;4
Johnson;Camara;3
Vicente;Roberto Madrazo;1
Vicente;Sinaloa;3
Vicente;Jeffrey;4
Vicente;California;4
Vicente;Marina;1
Vicente;Sonora;4
Vicente;Quesada;4
Vicente;Arturo Gonzalez Rodriguez;1
Vicente;General;4
Vicente;Pinos;3
Vicente;Veracruz;3
Paez Martinez;Arellano Felix;3
Edgar;Arturo Beltran;4
Edgar;Grandes;4
Edgar;Ignacio Coronel;4
Santiago Creel;Carlos Castillo Peraza;3
Santiago Creel;Creel;3
Cordero;German Martinez;2
Cordero;Alejandra Sota;4
Cordero;Dionisio Perez Jacome;4
Cordero;Nava;4
Cordero;Aguilar;4
Cordero;Josefina Vazquez;1
Cordero;Carlos Castillo Peraza;2
Cordero;Juan Ignacio Zavala;4
Cordero;Martinez;4
Cordero;Hacienda;2
Moreno;Bruce Williamson;4
Moreno;Sinaloa;3
Moreno;Peru;4
Moreno;Gobierno;3
Moreno;Moreno;2
Moreno;Cerda;4
Josefina Vazquez;Nava;1
Josefina Vazquez;Martinez;1
Tres;Crisanto Perez;3
Tres;Navidad;4
Tres;Pinos;1
Tres;Marina;4
Tres;California;4
Tres;Lagard;2
Tres;Antonio;4
Carlos Castillo Peraza;Castillo Peraza;1
Carlos Castillo Peraza;Luis Gabriel;1
Carlos Castillo Peraza;Alejandra Sota;2
Carlos Castillo Peraza;Aguilar;2
Carlos Castillo Peraza;Nava;2
Carlos Castillo Peraza;Creel;4
Carlos Castillo Peraza;Juan Ignacio Zavala;2
Carlos Castillo Peraza;Dionisio Perez Jacome;2
Carlos Castillo Peraza;Martinez;2
Carlos Castillo Peraza;Luisa Maria;1
Gerardo Garay;Naranjo;1
Gerardo Garay;Garcia Luna;1
Gerardo Garay;Gutierrez;4
Gerardo Garay;Peru;1
Gerardo Garay;Francisco Navarro;4
Gerardo Garay;Ricardo Gutierrez;3
Jorge Tello Peon;Medina;3
Jorge Tello Peon;Marina;3
Jorge Tello Peon;Pinos;2
Virginia;Sinaloa;2
Mayolo Lopez;Miguel Angel Granados Chapa;2
Mayolo Lopez;Emiliano Ruiz Parra;3
Luis Antonio;Francisco Castillo;1
Luis Antonio;Caminos;3
Millan;Millan Gomez;3
Millan;Espinosa;1
Millan;Peru;3
Millan;Millan;1
Veracruz;Rafa Leal;3
Veracruz;Sinaloa;4
Veracruz;Tierra Blanca;4
Veracruz;Salas;3
Veracruz;Veracruz;3
Morelia;Pinos;2
Morelia;Luis Calderon;2
Morelia;Cardenas;1
Barbie;Barbie;1
Barbie;Valdez;3
Barbie;Joaquin;4
Barbie;Gobierno;2
Barbie;Huerta;4
Barbie;Pinos;2
Barbie;Arturo Beltran Leyva;3
Barbie;Morelos;1
Quintana;California;4
Panama;Alma;2
Panama;Salvador;3
Panama;Panama;2
Panama;Omar Torrijos;4
Panama;Leopoldo;4
Panama;Argentina;4
Panama;Arnulfo Romero;2
Carlos Salinas;Casablanca;3
Carlos Salinas;Jorge;4
Carlos Salinas;Emilio Lozoya;4
Carlos Salinas;Luis Videgaray;4
Carlos Salinas;Nieto;4
Carlos Salinas;Gortari;4
Castillo;Castillo Peraza;2
Calderon Hinojosa;Luis Gabriel;2
Calderon Hinojosa;Partido;2
Calderon Hinojosa;Luisa Maria;2
Liebano Saenz;Manuel Aguirre Galindo;1
Liebano Saenz;Pinos;3
Liebano Saenz;Liebano Saenz;2
Torre;Salman;1
Torre;Martin;1
Mayel;Arellano Felix;4
Mayel;Cardenas Guillen;1
Mayel;Sinaloa;4
George Bush;Engel;4
George Bush;Camara;3
Chavez;Luis Gabriel;2
Chavez;Rodriguez;3
Chavez;Fidel Castro;4
Chavez;Partido;1
Chavez;Chavez;2
Chavez;Luisa Maria;2
Millan Gomez;Edgar Millan Gomez;1
Millan Gomez;Peru;2
Loya;Sinaloa;3
Loya;Joaquin;4
Loya;Manuel Fraga;4
Loya;Arellano Felix;2
Loya;Loya;3
Loya;California;3
Loya;Sonora;1
Loya;Arturo Beltran Leyva;4
Loya;Manuel;4
Loya;Dennis;2
Loya;Mayo;1
Loya;Vicente Zambada Niebla;3
Colosio;Castillo Peraza;4
Colosio;Miguel Angel Granados Chapa;3
Colosio;Francisco Ruiz Massieu;2
California;Sinaloa;3
California;Durango;4
California;Joaquin;3
California;Pinos;3
California;Martha Guillen Moreno;2
California;Ramiro Calvillo;2
California;Arellano Felix;3
California;California;3
California;Sonora;4
California;Alto;1
California;Jose Manuel Radilla;2
California;Santa Catarina;2
California;Vicente Zambada Niebla;3
Llamo;Navidad;1
Francisco Ruiz Massieu;Castillo Peraza;2
Francisco Ruiz Massieu;Miguel Angel Granados Chapa;3
Jose Antonio Acosta Hernandez;Sinaloa;4
Gortari;Jorge;4
Gortari;Salinas;4
Gortari;Emilio Lozoya;4
Gortari;Nieto;4
Gortari;Luis Videgaray;4
Huerta;Sinaloa;4
Huerta;Gobierno;2
Huerta;Almanza;4
Huerta;Canicon Najera;4
Huerta;Vicente Zambada Niebla;4
Nava;Alejandra Sota;4
Nava;Aguilar;4
Nava;Juan Ignacio Zavala;4
Nava;Dionisio Perez Jacome;4
Nava;Martinez;4
Jose Manuel Radilla;Martha Guillen Moreno;4
Jose Manuel Radilla;Pinos;1
Jose Manuel Radilla;Ramiro Calvillo;4
Jose Manuel Radilla;Durango;2
Jose Manuel Radilla;Sinaloa;2
Jose Manuel Radilla;Santa Catarina;4
Zambada Garcia;Pedro;3
Zambada Garcia;Mayo;4
Zambada Garcia;Margarito Flores;3
Zambada Garcia;Sinaloa;4
Zambada Garcia;Genaro Garcia Luna;3
Zambada Garcia;Angeles;3
Zambada Garcia;Hope;3
Zambada Garcia;Vicente Zambada Niebla;4
Zambada Garcia;Guzman Loera;4
Espinosa;Guanajuato;2
Espinosa;Edgar Millan Gomez;1
Espinosa;Peru;2
Espinosa;Pinos;3
Espinosa;Nieto;3
Espinosa;Alto;3
Espinosa;Espinosa;3
Espinosa;Lopez Obrador;3
Villas;Genaro Garcia Luna;2
Villas;Acosta Hernandez;2
Villas;Hombre;1
Villas;Maria Davila;4
Xochimilco;Benito Juarez;4
Gilberto Higuera Guerrero;Cardenas Guillen;2
Juan Ignacio Zavala;Alejandra Sota;4
Juan Ignacio Zavala;Aguilar;4
Juan Ignacio Zavala;Dionisio Perez Jacome;4
Juan Ignacio Zavala;Martinez;4
Luis Calderon;Castillo Peraza;1
Luis Calderon;Victor Correa Racho;3
Juan Garcia Abrego;Palma;4
Juan Garcia Abrego;Cardenas Guillen;4
General;Vista;2
General;Garcia Luna;2
General;Eduardo Almanza;3
General;Pinos;1
General;Marina;4
General;Nieto;1
General;Alto;2
General;Quesada;3
General;Ricardo Almanza;4
General;Arturo Gonzalez Rodriguez;1
General;Leon;2
General;Enrique;1
General;Mayor;2
Martinez;Alejandra Sota;4
Martinez;Aguilar;4
Martinez;German Martinez;2
Martinez;Dionisio Perez Jacome;4
Salinas;Nieto;4
Francisco Navarro;Naranjo;1
Francisco Navarro;Garcia Luna;1
Francisco Navarro;Gutierrez;4
Francisco Navarro;Peru;1
Francisco Navarro;Ricardo Gutierrez;3
Guanajuato;Pinos;2
Gutierrez;Naranjo;1
Gutierrez;Garcia Luna;1
Gutierrez;Peru;1
Gutierrez;Ricardo Gutierrez;3
Gutierrez;Gutierrez;3
Cerro;Marina;4
Cerro;Silla;4
Hope;Pedro;4
Hope;Mayo;3
Hope;Margarito Flores;4
Hope;Sinaloa;3
Hope;Angeles;2
Hope;Guzman Loera;3
Hope;Vicente Zambada Niebla;3
Naranjo;Naranjo;3
Naranjo;Garcia Luna;3
Naranjo;Ricardo Gutierrez;2
Naranjo;Genaro Garcia Luna;2
Eduardo Almanza;Ricardo Almanza;3
Arturo Beltran;Grandes;4
Arturo Beltran;Ignacio Coronel;4
Fiesta;Ford Mexico;1
Fiesta;Fiesta;1
Fiesta;Enrique;1
Fiesta;Nieto;1
Ignacio Coronel;Grandes;4
Caminos;Francisco Castillo;1
Alma;Omar Torrijos;2
Alma;Salvador;3
Alma;Leopoldo;2
Alma;Argentina;2
Alma;Arnulfo Romero;4
Salvador;Omar Torrijos;3
Salvador;Leopoldo;3
Salvador;Argentina;3
Salvador;Arnulfo Romero;3
Angeles;Pedro;2
Angeles;Sinaloa;4
Angeles;Francisco;4
Angeles;Mayo;3
Angeles;Margarito Flores;2
Angeles;Guzman Loera;3
Angeles;Baltimore;4
Angeles;Camara;3
Angeles;Houston;4
Angeles;Vicente Zambada Niebla;3
Almanza;Sinaloa;4
Almanza;Vicente Zambada Niebla;4
Almanza;Canicon Najera;4
Manuel;Caso;4
Manuel;Sinaloa;3
Manuel;Dennis;2
Hacienda;Hacienda;2
Hacienda;Margarita Zavala;1
Hacienda;Fernando;4
Linda Gonzalez;Hernandez;2
Linda Gonzalez;Marie Adame;2
Juan Vicente Gomez;Juan;2
Juan Vicente Gomez;Gomez;3
Houston;Francisco;4
Houston;Houston;2
Houston;Juan;4
Houston;Joaquin;4
Houston;Sinaloa;4
Houston;Sawyer;4
Houston;Cardenas Guillen;4
Houston;Pinos;2
Houston;Delgado;2
Houston;Tampa;4
Carter;Bourne;4
Graham;Baltimore;3
Graham;Marshall;4
Graham;Graham;2
Graham;Holder;1
Graham;Sinaloa;3
Durango;Martha Guillen Moreno;2
Durango;Pinos;3
Durango;Tello Peon;1
Durango;Sinaloa;4
Durango;Santa Catarina;2
Durango;Ramiro Calvillo;2
Ruben Hernandez;Arturo Beltran Leyva;1
Ruben Hernandez;Valdez;1
Luisa Maria;Luis Gabriel;4
Luisa Maria;Partido;4
Luisa Maria;Rodriguez;3
Dennis;Roberta Jacobson;4
Dennis;Garcia Luna;1
Dennis;Nieto;1
Dennis;Holder;4
Arellano Felix;Emilio Varela;2
Arellano Felix;Sinaloa;4
Arellano Felix;Pinos;1
Arellano Felix;Pablo Escobar;2
Arellano Felix;Arellano Felix;1
Arellano Felix;Ramon;3
Arellano Felix;Sonora;4
Arellano Felix;Vicente Zambada Niebla;3
Arellano Felix;Cardenas Guillen;1
Arellano Felix;Se単or;4
Miguel Angel Granados Chapa;Castillo Peraza;3
Miguel Angel Granados Chapa;Emiliano Ruiz Parra;1
Francisco Ramirez;Genaro Garcia Luna;2
Puma;Sinaloa;2
Colegio Americano;Marina;1
Culiacan;Marshall;2
Culiacan;Camara;2
Mexicano;Margarita Zavala;2
Crisanto Perez;Antonio;3
Edgar Millan Gomez;Alto;1
Argentina;Omar Torrijos;4
Argentina;Arnulfo Romero;2
Argentina;Leopoldo;4
Debo;Lopez Obrador;1
Zavala;Ruiz;2
Margarito Flores;Pedro;4
Margarito Flores;Mayo;3
Margarito Flores;Sinaloa;3
Margarito Flores;Guzman Loera;3
Margarito Flores;Vicente Zambada Niebla;3
Lazaro Cardenas;Lazaro Cardenas;3
Lazaro Cardenas;Manuel Avila Camacho;2
Lazaro Cardenas;Zeferino Torreblanca;4
Lazaro Cardenas;Sonora;4
Lazaro Cardenas;Cardenas;3
Claudia Talancon;Gabriela Rojas;1
Claudia Talancon;Fernando;4
Claudia Talancon;Carlos Santana;3
Claudia Talancon;Pinos;1
Marina;Garcia Luna;2
Marina;Vista;2
Marina;Sinaloa;4
Marina;Jardines;4
Marina;Navidad;4
Marina;Mariano Francisco Saynez Mendoza;4
Marina;Marina;4
Marina;Nieto;1
Marina;Alto;2
Marina;Quesada;3
Marina;Silla;4
Marina;Fidel Castro;2
Marina;Joaquin;4
Marina;Leon;4
Marina;Reynosa;4
Marina;Pinos;1
Marina;Enrique;1
Marina;Corte;2
Delgado;Cardenas Guillen;2
Tampa;Juan;4
Tampa;Joaquin;4
Arturo Beltran Leyva;Valdez Villarreal;3
Arturo Beltran Leyva;Sinaloa;3
Arturo Beltran Leyva;Valdez;4
Arturo Beltran Leyva;Manuel Fraga;4
Victor Correa Racho;Castillo Peraza;1
Roberta Jacobson;Garcia Luna;1
Roberta Jacobson;Pinos;3
Roberta Jacobson;Enrique;2
Roberta Jacobson;Holder;4
Roberta Jacobson;Nieto;1
Guzman Loera;Pedro;3
Guzman Loera;Mayo;4
Guzman Loera;Sinaloa;4
Guzman Loera;Vicente Zambada Niebla;4
Cardenas Guillen;Cardenas Guillen;2
Cardenas Guillen;Sinaloa;1
Cardenas Guillen;Palma;4
Casablanca;Mateos;2
Casablanca;Jorge;3
Casablanca;Scott;4
Fidel Castro;Partido;1
Fidel Castro;Fidel Castro;2
Gabriela Rojas;Vivanco;2
Gabriela Rojas;Carlos Santana;2
Gabriela Rojas;Nieto;3
Gabriela Rojas;Fernando;1
Gabriela Rojas;Camara;4
Gabriela Rojas;Pinos;4
Gabriela Rojas;Enrique;3
Bradley;Corte;2
Santa Lucia;Walk;4
Santa Lucia;Antonio;4
Castillo Peraza;Castillo Peraza;3
Debia;Debia;2
Medina;Medina;3
Medina;Genaro Garcia Luna;1
Omar Torrijos;Arnulfo Romero;2
Omar Torrijos;Leopoldo;4
Emilio Varela;Se単or;2
German Martinez;Alejandra Sota;3
German Martinez;Juan Camilo;4
German Martinez;Campeche;2
German Martinez;Lopez Obrador;2
German Martinez;Austria;2
German Martinez;Cesar Nava;4
German Martinez;Camara;2
Rafa Leal;Salas;4
Sinaloa;Pedro;3
Sinaloa;Pinos;3
Sinaloa;Sinaloa;3
Sinaloa;Pablo Escobar;2
Sinaloa;Manuel Fraga;3
Sinaloa;Ramiro Calvillo;2
Sinaloa;Gobierno;4
Sinaloa;Holder;4
Sinaloa;Sonora;3
Sinaloa;Santa Catarina;2
Sinaloa;Tello Peon;1
Sinaloa;Genaro Garcia Luna;2
Sinaloa;Joaquin;3
Sinaloa;Martha Guillen Moreno;2
Sinaloa;Cerda;3
Sinaloa;Alfredo Guzman;4
Sinaloa;Marshall;3
Sinaloa;Francisco;4
Sinaloa;Ramon;3
Sinaloa;Canicon Najera;4
Sinaloa;Vicente Zambada Niebla;4
Sinaloa;Mayo;4
Santiago Gallardo;Marshall;4
Engel;Camara;3
Pablo Escobar;Ramon;3
Pablo Escobar;Enrique;4
Cardenas;Manuel Avila Camacho;3
Cardenas;Cardenas;1
Valdez Villarreal;Valdez;1
Luis Gabriel;Partido;4
Luis Gabriel;Rodriguez;3
Ramiro Calvillo;Martha Guillen Moreno;4
Ramiro Calvillo;Pinos;1
Ramiro Calvillo;Santa Catarina;4
Gobierno;Cerda;3
Gobierno;Gobierno;3
Ricardo Gutierrez;Garcia Luna;2
Holder;Garcia Luna;1
Holder;Marshall;1
Holder;Nieto;1
Zeferino Torreblanca;Sonora;4
Sonora;Sonora;3
Sonora;Joaquin;1
Hernandez;Marie Adame;4
Mateos;Scott;2
Pinos;Pinos;1
Pinos;Calzada;1
Pinos;Santa Catarina;1
Pinos;Martha Guillen Moreno;1
Pinos;Tello Peon;2
Pinos;Juan Camilo;2
Pinos;Star;2
Pinos;Partido;1
Pinos;Carlos Santana;2
Pinos;Nieto;3
Pinos;Enrique;2
Pinos;Garcia Luna;4
Pinos;Roberto Madrazo;2
Pinos;Manuel Aguirre Galindo;2
Pinos;Francisco;4
Pinos;Fernando;1
Pinos;Andrews;2
Aguilar;Alejandra Sota;4
Aguilar;Dionisio Perez Jacome;4
Salman;Martin;4
Antonio;Walk;4
Santa Catarina;Martha Guillen Moreno;4
Arnulfo Romero;Leopoldo;2
Rock;Austin;4
Camara;Juan Camilo;4
Camara;Vivanco;2
Camara;Partido;4
Camara;Andrews;3
Camara;Nieto;3
Camara;Cesar Nava;3
Camara;Campeche;4
Camara;Marshall;4
Camara;Enrique;3
Gomez;Juan;1
Gomez;Gomez;3
Mayor;Juan Camilo;4
Mayor;Uribe;1
Pedro;Alfredo Guzman;2
Pedro;Mayo;3
Pedro;Vicente Zambada Niebla;3
Juan Camilo;Alejandra Sota;3
Juan Camilo;Campeche;4
Juan Camilo;Cesar Nava;4
Juan Camilo;Uribe;1
Juan;Joaquin;4
Genaro Garcia Luna;Garcia Luna;2
Bourne;Bourne;4
Perry;Enrique Cervantes Aguirre;4
Margarita Zavala;Fernando;1
Alejandra Sota;Dionisio Perez Jacome;4
Alejandra Sota;Cesar Nava;3
Partido;Andrews;3
Emilio Lozoya;Jorge;4
Emilio Lozoya;Luis Videgaray;4
Emilio Lozoya;Nieto;4
Carlos Santana;Fernando;3
Nieto;Garcia Luna;1
Nieto;Jorge;4
Nieto;Vivanco;1
Nieto;Ford Mexico;4
Nieto;Nieto;3
Nieto;Luis Videgaray;4
Nieto;Lopez Obrador;4
Nieto;Enrique;4
Victor Fuentes;Victor Fuentes;2
Cesar Nava;Campeche;3
Luis Videgaray;Jorge;4
Lopez Obrador;Jose;2
Lopez Obrador;Lopez Obrador;2
Enrique;Garcia Luna;1
Enrique;Ford Mexico;4
Enrique;Vivanco;1
Garcia Luna;Garcia Luna;2
Garcia Luna;Peru;1
Mayo;Manuel Fraga;4
Mayo;Vicente Zambada Niebla;4
Ramon;Ramon;2
Canicon Najera;Vicente Zambada Niebla;4
Marshall;Baltimore;3
Marshall;Marshall;3
Baltimore;Baltimore;1
Scott;Scott;2
